-- phpMyAdmin SQL Dump
-- version 4.5.1
-- http://www.phpmyadmin.net
--
-- Host: 127.0.0.1
-- Generation Time: Apr 02, 2018 at 02:04 PM
-- Server version: 10.1.16-MariaDB
-- PHP Version: 7.0.9

SET SQL_MODE = "NO_AUTO_VALUE_ON_ZERO";
SET time_zone = "+00:00";


/*!40101 SET @OLD_CHARACTER_SET_CLIENT=@@CHARACTER_SET_CLIENT */;
/*!40101 SET @OLD_CHARACTER_SET_RESULTS=@@CHARACTER_SET_RESULTS */;
/*!40101 SET @OLD_COLLATION_CONNECTION=@@COLLATION_CONNECTION */;
/*!40101 SET NAMES utf8mb4 */;

--
-- Database: `ringocars`
--

-- --------------------------------------------------------

--
-- Table structure for table `ad`
--

CREATE TABLE `ad` (
  `id` int(10) UNSIGNED NOT NULL,
  `title` varchar(500) NOT NULL,
  `description` varchar(2000) NOT NULL,
  `price` double NOT NULL,
  `negotiable` tinyint(4) DEFAULT '0',
  `closed` tinyint(4) DEFAULT '0',
  `used` tinyint(4) DEFAULT '0',
  `make` int(10) UNSIGNED NOT NULL,
  `model` int(10) UNSIGNED NOT NULL,
  `type` int(10) UNSIGNED NOT NULL,
  `year` varchar(10) NOT NULL,
  `milage` int(4) UNSIGNED NOT NULL,
  `exterior_color` int(10) UNSIGNED NOT NULL,
  `transmission` int(10) UNSIGNED NOT NULL,
  `cylinders` int(10) UNSIGNED NOT NULL,
  `size` int(10) UNSIGNED NOT NULL,
  `interior_color` int(10) UNSIGNED NOT NULL,
  `shop` int(10) UNSIGNED NOT NULL,
  `mpg_highway` int(10) UNSIGNED NOT NULL,
  `mpg_city` int(10) UNSIGNED NOT NULL,
  `created_at` datetime DEFAULT CURRENT_TIMESTAMP,
  `updated_at` datetime DEFAULT CURRENT_TIMESTAMP ON UPDATE CURRENT_TIMESTAMP
) ENGINE=InnoDB DEFAULT CHARSET=latin1;

--
-- Dumping data for table `ad`
--

INSERT INTO `ad` (`id`, `title`, `description`, `price`, `negotiable`, `closed`, `used`, `make`, `model`, `type`, `year`, `milage`, `exterior_color`, `transmission`, `cylinders`, `size`, `interior_color`, `shop`, `mpg_highway`, `mpg_city`, `created_at`, `updated_at`) VALUES
(1, '2015 Honda Accord', 'Rode from naija to yankee no stopping', 1000000, 1, 0, 1, 14, 209, 10, '2015', 0, 11, 2, 1, 2, 5, 1, 0, 0, '2017-12-09 19:05:24', '2017-12-09 19:05:24'),
(2, '2006 BMW X3', 'It nice i guess', 500000, 1, 0, 1, 4, 71, 11, '2006', 0, 2, 3, 1, 2, 10, 1, 0, 0, '2017-12-12 15:35:10', '2017-12-12 15:35:10'),
(3, '2011 Chevrolet Aveo', 'It red and hot', 900000, 1, 0, 1, 7, 99, 10, '2011', 0, 8, 3, 1, 1, 5, 1, 0, 0, '2017-12-12 15:40:12', '2017-12-12 15:40:12'),
(4, '2008 Chevrolet Aveo', 'It just there ooh', 70000, 1, 0, 0, 7, 99, 10, '2008', 0, 9, 2, 1, 1, 5, 1, 0, 0, '2017-12-12 15:51:37', '2017-12-12 15:51:37'),
(5, '2015 Hyundai Elantra', 'Just of the block', 2000000, 0, 0, 0, 16, 230, 10, '2015', 0, 2, 2, 2, 3, 5, 1, 0, 0, '2017-12-12 15:52:48', '2017-12-12 15:52:48');

-- --------------------------------------------------------

--
-- Table structure for table `admin`
--

CREATE TABLE `admin` (
  `id` int(10) UNSIGNED NOT NULL,
  `fullname` varchar(200) NOT NULL,
  `email` varchar(200) NOT NULL,
  `password` varchar(200) NOT NULL,
  `role` varchar(200) NOT NULL,
  `created_at` datetime DEFAULT CURRENT_TIMESTAMP,
  `updated_at` datetime DEFAULT CURRENT_TIMESTAMP ON UPDATE CURRENT_TIMESTAMP
) ENGINE=InnoDB DEFAULT CHARSET=latin1;

--
-- Dumping data for table `admin`
--

INSERT INTO `admin` (`id`, `fullname`, `email`, `password`, `role`, `created_at`, `updated_at`) VALUES
(3, 'Arinze Aguolu', 'arinzeaguolu@rinnas.com', '01e749040ec1f0e03de3cd793b48d71b2a41ca99c8321b66040f85e1b8f42096', 'owner', '2018-04-02 12:11:12', '2018-04-02 12:54:29');

-- --------------------------------------------------------

--
-- Table structure for table `ad_favourite`
--

CREATE TABLE `ad_favourite` (
  `id` int(10) UNSIGNED NOT NULL,
  `ad` int(10) UNSIGNED NOT NULL,
  `user` int(10) UNSIGNED NOT NULL,
  `created_at` datetime DEFAULT CURRENT_TIMESTAMP
) ENGINE=InnoDB DEFAULT CHARSET=latin1;

-- --------------------------------------------------------

--
-- Table structure for table `ad_feature`
--

CREATE TABLE `ad_feature` (
  `id` int(10) UNSIGNED NOT NULL,
  `ad` int(10) UNSIGNED NOT NULL,
  `feature` int(10) UNSIGNED NOT NULL,
  `make` int(10) UNSIGNED NOT NULL,
  `model` int(10) UNSIGNED NOT NULL,
  `created` datetime DEFAULT CURRENT_TIMESTAMP,
  `updated_at` datetime DEFAULT CURRENT_TIMESTAMP ON UPDATE CURRENT_TIMESTAMP
) ENGINE=InnoDB DEFAULT CHARSET=latin1;

--
-- Dumping data for table `ad_feature`
--

INSERT INTO `ad_feature` (`id`, `ad`, `feature`, `make`, `model`, `created`, `updated_at`) VALUES
(1, 1, 3, 14, 209, '2017-12-12 20:52:50', '2017-12-12 20:52:50'),
(2, 1, 6, 14, 209, '2017-12-12 20:52:50', '2017-12-12 20:52:50'),
(3, 1, 9, 14, 209, '2017-12-12 20:52:50', '2017-12-12 20:52:50'),
(4, 1, 18, 14, 209, '2017-12-12 20:52:50', '2017-12-12 20:52:50'),
(5, 1, 25, 14, 209, '2017-12-12 20:52:50', '2017-12-12 20:52:50'),
(6, 1, 33, 14, 209, '2017-12-12 20:52:50', '2017-12-12 20:52:50'),
(7, 1, 34, 14, 209, '2017-12-12 20:52:50', '2017-12-12 20:52:50'),
(8, 1, 35, 14, 209, '2017-12-12 20:52:51', '2017-12-12 20:52:51'),
(9, 1, 36, 14, 209, '2017-12-12 20:52:51', '2017-12-12 20:52:51'),
(10, 1, 73, 14, 209, '2017-12-12 20:52:51', '2017-12-12 20:52:51'),
(11, 1, 74, 14, 209, '2017-12-12 20:52:51', '2017-12-12 20:52:51'),
(12, 1, 81, 14, 209, '2017-12-12 20:52:51', '2017-12-12 20:52:51'),
(13, 1, 87, 14, 209, '2017-12-12 20:52:51', '2017-12-12 20:52:51'),
(14, 2, 15, 4, 71, '2017-12-12 20:53:26', '2017-12-12 20:53:26'),
(15, 2, 22, 4, 71, '2017-12-12 20:53:26', '2017-12-12 20:53:26'),
(16, 2, 23, 4, 71, '2017-12-12 20:53:26', '2017-12-12 20:53:26'),
(17, 2, 24, 4, 71, '2017-12-12 20:53:27', '2017-12-12 20:53:27'),
(18, 2, 31, 4, 71, '2017-12-12 20:53:27', '2017-12-12 20:53:27'),
(19, 2, 33, 4, 71, '2017-12-12 20:53:27', '2017-12-12 20:53:27'),
(20, 2, 36, 4, 71, '2017-12-12 20:53:27', '2017-12-12 20:53:27'),
(21, 2, 39, 4, 71, '2017-12-12 20:53:27', '2017-12-12 20:53:27'),
(22, 2, 43, 4, 71, '2017-12-12 20:53:27', '2017-12-12 20:53:27'),
(23, 2, 56, 4, 71, '2017-12-12 20:53:27', '2017-12-12 20:53:27'),
(24, 2, 60, 4, 71, '2017-12-12 20:53:27', '2017-12-12 20:53:27'),
(25, 2, 65, 4, 71, '2017-12-12 20:53:27', '2017-12-12 20:53:27'),
(26, 2, 78, 4, 71, '2017-12-12 20:53:27', '2017-12-12 20:53:27'),
(27, 2, 86, 4, 71, '2017-12-12 20:53:27', '2017-12-12 20:53:27'),
(28, 2, 87, 4, 71, '2017-12-12 20:53:27', '2017-12-12 20:53:27'),
(29, 3, 3, 7, 99, '2017-12-12 20:54:06', '2017-12-12 20:54:06'),
(30, 3, 12, 7, 99, '2017-12-12 20:54:06', '2017-12-12 20:54:06'),
(31, 3, 13, 7, 99, '2017-12-12 20:54:06', '2017-12-12 20:54:06'),
(32, 3, 18, 7, 99, '2017-12-12 20:54:06', '2017-12-12 20:54:06'),
(33, 3, 22, 7, 99, '2017-12-12 20:54:06', '2017-12-12 20:54:06'),
(34, 3, 23, 7, 99, '2017-12-12 20:54:06', '2017-12-12 20:54:06'),
(35, 3, 24, 7, 99, '2017-12-12 20:54:06', '2017-12-12 20:54:06'),
(36, 3, 27, 7, 99, '2017-12-12 20:54:06', '2017-12-12 20:54:06'),
(37, 3, 28, 7, 99, '2017-12-12 20:54:06', '2017-12-12 20:54:06'),
(38, 3, 32, 7, 99, '2017-12-12 20:54:06', '2017-12-12 20:54:06'),
(39, 3, 33, 7, 99, '2017-12-12 20:54:06', '2017-12-12 20:54:06'),
(40, 3, 37, 7, 99, '2017-12-12 20:54:06', '2017-12-12 20:54:06'),
(41, 3, 38, 7, 99, '2017-12-12 20:54:06', '2017-12-12 20:54:06'),
(42, 3, 55, 7, 99, '2017-12-12 20:54:06', '2017-12-12 20:54:06'),
(43, 3, 63, 7, 99, '2017-12-12 20:54:06', '2017-12-12 20:54:06'),
(44, 3, 64, 7, 99, '2017-12-12 20:54:06', '2017-12-12 20:54:06'),
(45, 3, 79, 7, 99, '2017-12-12 20:54:07', '2017-12-12 20:54:07'),
(46, 3, 81, 7, 99, '2017-12-12 20:54:07', '2017-12-12 20:54:07'),
(47, 3, 82, 7, 99, '2017-12-12 20:54:07', '2017-12-12 20:54:07'),
(48, 3, 83, 7, 99, '2017-12-12 20:54:07', '2017-12-12 20:54:07'),
(49, 3, 84, 7, 99, '2017-12-12 20:54:07', '2017-12-12 20:54:07'),
(50, 4, 3, 7, 99, '2017-12-12 20:54:39', '2017-12-12 20:54:39'),
(51, 4, 13, 7, 99, '2017-12-12 20:54:40', '2017-12-12 20:54:40'),
(52, 4, 15, 7, 99, '2017-12-12 20:54:40', '2017-12-12 20:54:40'),
(53, 4, 25, 7, 99, '2017-12-12 20:54:40', '2017-12-12 20:54:40'),
(54, 4, 32, 7, 99, '2017-12-12 20:54:40', '2017-12-12 20:54:40'),
(55, 4, 33, 7, 99, '2017-12-12 20:54:40', '2017-12-12 20:54:40'),
(56, 4, 35, 7, 99, '2017-12-12 20:54:40', '2017-12-12 20:54:40'),
(57, 4, 38, 7, 99, '2017-12-12 20:54:40', '2017-12-12 20:54:40'),
(58, 4, 39, 7, 99, '2017-12-12 20:54:40', '2017-12-12 20:54:40'),
(59, 4, 53, 7, 99, '2017-12-12 20:54:40', '2017-12-12 20:54:40'),
(60, 4, 54, 7, 99, '2017-12-12 20:54:40', '2017-12-12 20:54:40'),
(61, 4, 55, 7, 99, '2017-12-12 20:54:40', '2017-12-12 20:54:40'),
(62, 4, 56, 7, 99, '2017-12-12 20:54:40', '2017-12-12 20:54:40'),
(63, 4, 57, 7, 99, '2017-12-12 20:54:40', '2017-12-12 20:54:40'),
(64, 4, 68, 7, 99, '2017-12-12 20:54:40', '2017-12-12 20:54:40'),
(65, 5, 3, 16, 230, '2017-12-12 20:55:51', '2017-12-12 20:55:51'),
(66, 5, 14, 16, 230, '2017-12-12 20:55:52', '2017-12-12 20:55:52'),
(67, 5, 18, 16, 230, '2017-12-12 20:55:52', '2017-12-12 20:55:52'),
(68, 5, 32, 16, 230, '2017-12-12 20:55:52', '2017-12-12 20:55:52'),
(69, 5, 33, 16, 230, '2017-12-12 20:55:52', '2017-12-12 20:55:52'),
(70, 5, 53, 16, 230, '2017-12-12 20:55:52', '2017-12-12 20:55:52'),
(71, 5, 62, 16, 230, '2017-12-12 20:55:52', '2017-12-12 20:55:52'),
(72, 5, 78, 16, 230, '2017-12-12 20:55:52', '2017-12-12 20:55:52'),
(73, 5, 81, 16, 230, '2017-12-12 20:55:52', '2017-12-12 20:55:52'),
(74, 5, 87, 16, 230, '2017-12-12 20:55:52', '2017-12-12 20:55:52');

-- --------------------------------------------------------

--
-- Table structure for table `ad_image`
--

CREATE TABLE `ad_image` (
  `id` int(10) UNSIGNED NOT NULL,
  `ad` int(10) UNSIGNED NOT NULL,
  `main` tinyint(4) DEFAULT '0',
  `image` varchar(500) NOT NULL,
  `thumb` varchar(500) NOT NULL,
  `created_at` datetime DEFAULT CURRENT_TIMESTAMP,
  `updated_at` datetime DEFAULT CURRENT_TIMESTAMP ON UPDATE CURRENT_TIMESTAMP
) ENGINE=InnoDB DEFAULT CHARSET=latin1;

--
-- Dumping data for table `ad_image`
--

INSERT INTO `ad_image` (`id`, `ad`, `main`, `image`, `thumb`, `created_at`, `updated_at`) VALUES
(7, 1, 1, 'public/upload/pictures/product/8j5s46spgvqb8ssk39sx.jpg', 'public/upload/pictures/product/thumb/8j5s46spgvqb8ssk39sx.jpg', '2017-12-12 01:25:34', '2017-12-12 01:25:34'),
(8, 1, 0, 'public/upload/pictures/product/cq56yp0n5sfic42bzfer.jpg', 'public/upload/pictures/product/thumb/cq56yp0n5sfic42bzfer.jpg', '2017-12-12 01:25:35', '2017-12-12 01:25:35'),
(9, 1, 0, 'public/upload/pictures/product/yb2ozru9hdbkucuz4uw6.jpg', 'public/upload/pictures/product/thumb/yb2ozru9hdbkucuz4uw6.jpg', '2017-12-12 01:25:35', '2017-12-12 01:25:35'),
(10, 1, 0, 'public/upload/pictures/product/hhx1ht4mog5ed4wxcaza.jpg', 'public/upload/pictures/product/thumb/hhx1ht4mog5ed4wxcaza.jpg', '2017-12-12 01:25:36', '2017-12-12 01:25:36'),
(11, 1, 0, 'public/upload/pictures/product/2ce4f5zi5wtv13f1kyk4.jpg', 'public/upload/pictures/product/thumb/2ce4f5zi5wtv13f1kyk4.jpg', '2017-12-12 01:25:37', '2017-12-12 01:25:37'),
(12, 1, 0, 'public/upload/pictures/product/f5y40f2pwwycjkxp2q7v.jpg', 'public/upload/pictures/product/thumb/f5y40f2pwwycjkxp2q7v.jpg', '2017-12-12 01:25:37', '2017-12-12 01:25:37'),
(13, 2, 1, 'public/upload/pictures/product/mr4vezs0y01hmq3byt4m.jpg', 'public/upload/pictures/product/thumb/mr4vezs0y01hmq3byt4m.jpg', '2017-12-12 15:36:27', '2017-12-12 15:36:27'),
(14, 2, 0, 'public/upload/pictures/product/kyy4vxv682tyepf088ng.jpg', 'public/upload/pictures/product/thumb/kyy4vxv682tyepf088ng.jpg', '2017-12-12 15:36:28', '2017-12-12 15:36:28'),
(15, 2, 0, 'public/upload/pictures/product/8x0udvzxguwdvlrtnhe0.jpg', 'public/upload/pictures/product/thumb/8x0udvzxguwdvlrtnhe0.jpg', '2017-12-12 15:36:28', '2017-12-12 15:36:28'),
(16, 2, 0, 'public/upload/pictures/product/frd1jtvq70091lu76o1h.jpg', 'public/upload/pictures/product/thumb/frd1jtvq70091lu76o1h.jpg', '2017-12-12 15:36:29', '2017-12-12 15:36:29'),
(17, 2, 0, 'public/upload/pictures/product/4igwvyfizubox5r7ih6q.jpg', 'public/upload/pictures/product/thumb/4igwvyfizubox5r7ih6q.jpg', '2017-12-12 15:36:29', '2017-12-12 15:36:29'),
(18, 2, 0, 'public/upload/pictures/product/9ot8j1q57l5c8kcyh66w.jpg', 'public/upload/pictures/product/thumb/9ot8j1q57l5c8kcyh66w.jpg', '2017-12-12 15:36:30', '2017-12-12 15:36:30'),
(19, 2, 0, 'public/upload/pictures/product/i0m61o65nqoqjg849dkj.jpg', 'public/upload/pictures/product/thumb/i0m61o65nqoqjg849dkj.jpg', '2017-12-12 15:36:30', '2017-12-12 15:36:30'),
(20, 2, 0, 'public/upload/pictures/product/qroerbzcm2hlgpthif6b.jpg', 'public/upload/pictures/product/thumb/qroerbzcm2hlgpthif6b.jpg', '2017-12-12 15:36:31', '2017-12-12 15:36:31'),
(21, 3, 1, 'public/upload/pictures/product/ar5tm1w33wieyf19h8x1.jpg', 'public/upload/pictures/product/thumb/ar5tm1w33wieyf19h8x1.jpg', '2017-12-12 15:40:50', '2017-12-12 15:40:50'),
(22, 3, 0, 'public/upload/pictures/product/7dqi0ew817iumk26h6ap.jpg', 'public/upload/pictures/product/thumb/7dqi0ew817iumk26h6ap.jpg', '2017-12-12 15:40:50', '2017-12-12 15:40:50'),
(23, 3, 0, 'public/upload/pictures/product/ar0i465d7f25izld560o.jpg', 'public/upload/pictures/product/thumb/ar0i465d7f25izld560o.jpg', '2017-12-12 15:40:51', '2017-12-12 15:40:51'),
(24, 3, 0, 'public/upload/pictures/product/tewewua4xq2u94xrjhxs.jpg', 'public/upload/pictures/product/thumb/tewewua4xq2u94xrjhxs.jpg', '2017-12-12 15:40:51', '2017-12-12 15:40:51'),
(25, 5, 0, 'public/upload/pictures/product/cedzlk8ajzxvf9y2v0hz.jpg', 'public/upload/pictures/product/thumb/cedzlk8ajzxvf9y2v0hz.jpg', '2017-12-12 16:06:04', '2017-12-12 16:08:05'),
(26, 5, 0, 'public/upload/pictures/product/912hbzqonmyfz5ewtmta.jpg', 'public/upload/pictures/product/thumb/912hbzqonmyfz5ewtmta.jpg', '2017-12-12 16:06:04', '2017-12-12 16:06:04'),
(27, 5, 1, 'public/upload/pictures/product/n6jkbdopn5oz85pw2cvg.jpg', 'public/upload/pictures/product/thumb/n6jkbdopn5oz85pw2cvg.jpg', '2017-12-12 16:06:05', '2017-12-12 16:08:05'),
(28, 5, 0, 'public/upload/pictures/product/p82a7kbamgaud3lerxgp.jpg', 'public/upload/pictures/product/thumb/p82a7kbamgaud3lerxgp.jpg', '2017-12-12 16:06:06', '2017-12-12 16:06:06'),
(29, 5, 0, 'public/upload/pictures/product/2x1ya0ngpdjhpb6iqx61.jpg', 'public/upload/pictures/product/thumb/2x1ya0ngpdjhpb6iqx61.jpg', '2017-12-12 16:06:07', '2017-12-12 16:06:07'),
(30, 5, 0, 'public/upload/pictures/product/0wwiddqt81jhln41emf3.jpg', 'public/upload/pictures/product/thumb/0wwiddqt81jhln41emf3.jpg', '2017-12-12 16:06:08', '2017-12-12 16:06:08'),
(31, 4, 1, 'public/upload/pictures/product/biaibbmnymx1fr6qgb7m.jpg', 'public/upload/pictures/product/thumb/biaibbmnymx1fr6qgb7m.jpg', '2017-12-12 16:13:16', '2017-12-12 16:13:16'),
(32, 4, 0, 'public/upload/pictures/product/xw1jfvr4b9x5qrhivv58.jpg', 'public/upload/pictures/product/thumb/xw1jfvr4b9x5qrhivv58.jpg', '2017-12-12 16:13:17', '2017-12-12 16:13:17'),
(33, 4, 0, 'public/upload/pictures/product/eb5umefvdr5ytqzmw4yg.jpg', 'public/upload/pictures/product/thumb/eb5umefvdr5ytqzmw4yg.jpg', '2017-12-12 16:13:17', '2017-12-12 16:13:17'),
(34, 4, 0, 'public/upload/pictures/product/eka88nazome68c7o3ejm.jpg', 'public/upload/pictures/product/thumb/eka88nazome68c7o3ejm.jpg', '2017-12-12 16:13:18', '2017-12-12 16:13:18'),
(35, 4, 0, 'public/upload/pictures/product/8eooal71o3amp3ef7k91.jpg', 'public/upload/pictures/product/thumb/8eooal71o3amp3ef7k91.jpg', '2017-12-12 16:13:18', '2017-12-12 16:13:18');

-- --------------------------------------------------------

--
-- Table structure for table `ad_specification`
--

CREATE TABLE `ad_specification` (
  `ad` int(10) UNSIGNED NOT NULL,
  `drive_type` varchar(200) NOT NULL,
  `engine_size` varchar(200) NOT NULL,
  `horsepower` varchar(200) NOT NULL,
  `torque` varchar(200) DEFAULT NULL,
  `compression_ratio` varchar(20) NOT NULL,
  `camshaft` varchar(200) NOT NULL,
  `engine_type` varchar(200) NOT NULL,
  `bore` double NOT NULL,
  `stroke` double NOT NULL,
  `valves_per_cylinders` varchar(20) DEFAULT NULL,
  `fuel_capacity` varchar(20) DEFAULT NULL,
  `epa_mpg` varchar(20) NOT NULL,
  `wheelbase` varchar(20) DEFAULT NULL,
  `overall_length` varchar(20) DEFAULT NULL,
  `width` varchar(20) DEFAULT NULL,
  `length` varchar(20) DEFAULT NULL,
  `curb_weight` varchar(20) DEFAULT NULL,
  `leg_room` varchar(20) DEFAULT NULL,
  `head_room` varchar(20) DEFAULT NULL,
  `seating_capacity` varchar(10) NOT NULL,
  `cargo_capacity` varchar(20) DEFAULT NULL,
  `towing_capacity` varchar(20) DEFAULT NULL,
  `payload_capacity_truck` varchar(10) NOT NULL,
  `gross_weight_truck` varchar(10) NOT NULL,
  `tires` varchar(20) NOT NULL
) ENGINE=InnoDB DEFAULT CHARSET=latin1;

--
-- Dumping data for table `ad_specification`
--

INSERT INTO `ad_specification` (`ad`, `drive_type`, `engine_size`, `horsepower`, `torque`, `compression_ratio`, `camshaft`, `engine_type`, `bore`, `stroke`, `valves_per_cylinders`, `fuel_capacity`, `epa_mpg`, `wheelbase`, `overall_length`, `width`, `length`, `curb_weight`, `leg_room`, `head_room`, `seating_capacity`, `cargo_capacity`, `towing_capacity`, `payload_capacity_truck`, `gross_weight_truck`, `tires`) VALUES
(1, '4WDWD', '2.4L engine', '185 horsepower@6400rpm', 'N/A', '11.10', 'Variable Timing', 'Gas', 3.43, 3.9, '4', 'N/A', '25/31', '103.1', '179.4', '71.6', '65.1', '3479', '41.3', '39.9', '5/5', '37.2', '1500/1500', '1040', '4519', 'N/A');

-- --------------------------------------------------------

--
-- Table structure for table `city`
--

CREATE TABLE `city` (
  `id` int(10) UNSIGNED NOT NULL,
  `state` int(10) UNSIGNED NOT NULL,
  `city` varchar(255) NOT NULL,
  `created_at` datetime DEFAULT CURRENT_TIMESTAMP,
  `updated_at` datetime DEFAULT CURRENT_TIMESTAMP ON UPDATE CURRENT_TIMESTAMP
) ENGINE=InnoDB DEFAULT CHARSET=latin1;

-- --------------------------------------------------------

--
-- Table structure for table `color`
--

CREATE TABLE `color` (
  `id` int(10) UNSIGNED NOT NULL,
  `color` varchar(200) NOT NULL,
  `created_at` datetime DEFAULT CURRENT_TIMESTAMP,
  `updated_at` datetime DEFAULT CURRENT_TIMESTAMP ON UPDATE CURRENT_TIMESTAMP
) ENGINE=InnoDB DEFAULT CHARSET=latin1;

--
-- Dumping data for table `color`
--

INSERT INTO `color` (`id`, `color`, `created_at`, `updated_at`) VALUES
(1, 'Black', '2017-12-09 02:10:12', '2017-12-09 02:10:12'),
(2, 'Blue', '2017-12-09 02:12:27', '2017-12-09 02:12:27'),
(3, 'Brown', '2017-12-09 02:12:27', '2017-12-09 02:12:27'),
(4, 'Gold', '2017-12-09 02:12:27', '2017-12-09 02:12:27'),
(5, 'Gray', '2017-12-09 02:12:27', '2017-12-09 02:12:27'),
(6, 'Green', '2017-12-09 02:12:27', '2017-12-09 02:12:27'),
(7, 'Purple', '2017-12-09 02:12:27', '2017-12-09 02:12:27'),
(8, 'Red', '2017-12-09 02:12:27', '2017-12-09 02:12:27'),
(9, 'Silver', '2017-12-09 02:12:27', '2017-12-09 02:12:27'),
(10, 'Tan', '2017-12-09 02:12:27', '2017-12-09 02:12:27'),
(11, 'White', '2017-12-09 02:12:28', '2017-12-09 02:12:28');

-- --------------------------------------------------------

--
-- Table structure for table `country`
--

CREATE TABLE `country` (
  `id` int(10) UNSIGNED NOT NULL,
  `country` varchar(255) NOT NULL,
  `created_at` datetime DEFAULT CURRENT_TIMESTAMP,
  `updated_at` datetime DEFAULT CURRENT_TIMESTAMP
) ENGINE=InnoDB DEFAULT CHARSET=latin1;

-- --------------------------------------------------------

--
-- Table structure for table `cylinders`
--

CREATE TABLE `cylinders` (
  `id` int(10) UNSIGNED NOT NULL,
  `cylinders` varchar(200) NOT NULL,
  `created_at` datetime DEFAULT CURRENT_TIMESTAMP,
  `updated_at` datetime DEFAULT CURRENT_TIMESTAMP ON UPDATE CURRENT_TIMESTAMP
) ENGINE=InnoDB DEFAULT CHARSET=latin1;

--
-- Dumping data for table `cylinders`
--

INSERT INTO `cylinders` (`id`, `cylinders`, `created_at`, `updated_at`) VALUES
(1, '4 cylinders', '2017-12-09 02:14:10', '2017-12-09 02:14:10'),
(2, '6 cylinders', '2017-12-09 02:14:24', '2017-12-09 02:14:24'),
(3, '8 cylinders', '2017-12-09 02:14:31', '2017-12-09 02:14:31');

-- --------------------------------------------------------

--
-- Table structure for table `feature`
--

CREATE TABLE `feature` (
  `id` int(10) UNSIGNED NOT NULL,
  `feature` varchar(200) NOT NULL,
  `created_at` datetime DEFAULT CURRENT_TIMESTAMP,
  `updated_at` datetime DEFAULT CURRENT_TIMESTAMP ON UPDATE CURRENT_TIMESTAMP
) ENGINE=InnoDB DEFAULT CHARSET=latin1;

--
-- Dumping data for table `feature`
--

INSERT INTO `feature` (`id`, `feature`, `created_at`, `updated_at`) VALUES
(2, '20 Inch Plus Wheels', '2017-12-08 23:04:17', '2017-12-08 23:04:17'),
(3, '2WD', '2017-12-08 23:04:17', '2017-12-08 23:04:17'),
(4, '3rd Rear Seat', '2017-12-08 23:04:17', '2017-12-08 23:04:17'),
(5, '4WD/AWD', '2017-12-08 23:04:17', '2017-12-08 23:04:17'),
(6, 'A/C Seat(s)', '2017-12-08 23:04:17', '2017-12-08 23:04:17'),
(7, 'ABS Brakes', '2017-12-08 23:04:17', '2017-12-08 23:04:17'),
(8, 'Adjustable Suspension', '2017-12-08 23:04:17', '2017-12-08 23:04:17'),
(9, 'Air Conditioning', '2017-12-08 23:04:17', '2017-12-08 23:04:17'),
(10, 'Alloy Wheels', '2017-12-08 23:04:18', '2017-12-08 23:04:18'),
(11, 'AM/FM Stereo', '2017-12-08 23:04:18', '2017-12-08 23:04:18'),
(12, 'Auto Cruise Control', '2017-12-08 23:04:18', '2017-12-08 23:04:18'),
(13, 'Automated Parking', '2017-12-08 23:04:18', '2017-12-08 23:04:18'),
(14, 'Automatic Transmission', '2017-12-08 23:04:18', '2017-12-08 23:04:18'),
(15, 'Auxiliary Audio Input', '2017-12-08 23:04:18', '2017-12-08 23:04:18'),
(16, 'Barn Doors', '2017-12-08 23:04:18', '2017-12-08 23:04:18'),
(17, 'Bed Cover', '2017-12-08 23:04:18', '2017-12-08 23:04:18'),
(18, 'Bed Liner', '2017-12-08 23:04:18', '2017-12-08 23:04:18'),
(19, 'Blind Spot Monitor', '2017-12-08 23:04:18', '2017-12-08 23:04:18'),
(20, 'Blu-ray Video System', '2017-12-08 23:04:18', '2017-12-08 23:04:18'),
(21, 'Bluetooth', '2017-12-08 23:04:18', '2017-12-08 23:04:18'),
(22, 'Cassette Player', '2017-12-08 23:04:18', '2017-12-08 23:04:18'),
(23, 'CD Audio', '2017-12-08 23:04:18', '2017-12-08 23:04:18'),
(24, 'Cloth Seats', '2017-12-08 23:04:18', '2017-12-08 23:04:18'),
(25, 'Cruise Control', '2017-12-08 23:04:18', '2017-12-08 23:04:18'),
(26, 'Diesel Engine', '2017-12-08 23:04:18', '2017-12-08 23:04:18'),
(27, 'DVD Video System', '2017-12-08 23:04:18', '2017-12-08 23:04:18'),
(28, 'Entune', '2017-12-08 23:04:18', '2017-12-08 23:04:18'),
(29, 'Fifth Wheel Tow Hitch', '2017-12-08 23:04:18', '2017-12-08 23:04:18'),
(30, 'Flex Fuel Vehicle', '2017-12-08 23:04:18', '2017-12-08 23:04:18'),
(31, 'Fold-Away Middle Row', '2017-12-08 23:04:18', '2017-12-08 23:04:18'),
(32, 'Fold-Away Third Row', '2017-12-08 23:04:18', '2017-12-08 23:04:18'),
(33, 'Front Seat Heaters', '2017-12-08 23:04:19', '2017-12-08 23:04:19'),
(34, 'Full Leather Interior', '2017-12-08 23:04:19', '2017-12-08 23:04:19'),
(35, 'Full Roof Rack', '2017-12-08 23:04:19', '2017-12-08 23:04:19'),
(36, 'Hard Top', '2017-12-08 23:04:19', '2017-12-08 23:04:19'),
(37, 'Head Up Display', '2017-12-08 23:04:19', '2017-12-08 23:04:19'),
(38, 'Lane Departure Warning', '2017-12-08 23:04:19', '2017-12-08 23:04:19'),
(39, 'Leather &amp; Suede Seats', '2017-12-08 23:04:19', '2017-12-08 23:04:19'),
(40, 'Leather Seats', '2017-12-08 23:04:19', '2017-12-08 23:04:19'),
(41, 'Leatherette &amp; Cloth', '2017-12-08 23:04:19', '2017-12-08 23:04:19'),
(42, 'Leatherette Seats', '2017-12-08 23:04:19', '2017-12-08 23:04:19'),
(43, 'Long Bed', '2017-12-08 23:04:19', '2017-12-08 23:04:19'),
(44, 'Manual Transmission', '2017-12-08 23:04:19', '2017-12-08 23:04:19'),
(45, 'Memory Seat(s)', '2017-12-08 23:04:19', '2017-12-08 23:04:19'),
(46, 'Navigation System', '2017-12-08 23:04:19', '2017-12-08 23:04:19'),
(47, 'No A/C', '2017-12-08 23:04:19', '2017-12-08 23:04:19'),
(48, 'No Power Steering', '2017-12-08 23:04:19', '2017-12-08 23:04:19'),
(49, 'OnStar Trial Available', '2017-12-08 23:04:19', '2017-12-08 23:04:19'),
(50, 'Overhead Airbags', '2017-12-08 23:04:19', '2017-12-08 23:04:19'),
(51, 'Panoramic Sunroof', '2017-12-08 23:04:19', '2017-12-08 23:04:19'),
(52, 'Parking Sensors', '2017-12-08 23:04:19', '2017-12-08 23:04:19'),
(53, 'Power Liftgate/DeckLid', '2017-12-08 23:04:19', '2017-12-08 23:04:19'),
(54, 'Power Locks', '2017-12-08 23:04:20', '2017-12-08 23:04:20'),
(55, 'Power Mirrors', '2017-12-08 23:04:20', '2017-12-08 23:04:20'),
(56, 'Power Seat(s)', '2017-12-08 23:04:20', '2017-12-08 23:04:20'),
(57, 'Power Sliding Door(s)', '2017-12-08 23:04:20', '2017-12-08 23:04:20'),
(58, 'Power Windows', '2017-12-08 23:04:20', '2017-12-08 23:04:20'),
(59, 'Premium Sound', '2017-12-08 23:04:20', '2017-12-08 23:04:20'),
(60, 'Pwr Folding Third Row', '2017-12-08 23:04:20', '2017-12-08 23:04:20'),
(61, 'Quad Seats', '2017-12-08 23:04:20', '2017-12-08 23:04:20'),
(62, 'Rear A/C Seat(s)', '2017-12-08 23:04:20', '2017-12-08 23:04:20'),
(63, 'Rear Air Conditioning', '2017-12-08 23:04:20', '2017-12-08 23:04:20'),
(64, 'Rear Defroster', '2017-12-08 23:04:20', '2017-12-08 23:04:20'),
(65, 'Rear Seat Heaters', '2017-12-08 23:04:20', '2017-12-08 23:04:20'),
(66, 'Rear Spoiler', '2017-12-08 23:04:20', '2017-12-08 23:04:20'),
(67, 'Rear Sunshade', '2017-12-08 23:04:20', '2017-12-08 23:04:20'),
(68, 'Rear View Camera', '2017-12-08 23:04:20', '2017-12-08 23:04:20'),
(69, 'Remote Start', '2017-12-08 23:04:20', '2017-12-08 23:04:20'),
(70, 'Run Flat Tires', '2017-12-08 23:04:20', '2017-12-08 23:04:20'),
(71, 'Running Boards', '2017-12-08 23:04:20', '2017-12-08 23:04:20'),
(72, 'Satellite Radio Ready', '2017-12-08 23:04:20', '2017-12-08 23:04:20'),
(73, 'Seat Massagers', '2017-12-08 23:04:20', '2017-12-08 23:04:20'),
(74, 'Side Airbags', '2017-12-08 23:04:20', '2017-12-08 23:04:20'),
(75, 'SiriusXM Trial Avail', '2017-12-08 23:04:20', '2017-12-08 23:04:20'),
(76, 'Skylight(s)', '2017-12-08 23:04:20', '2017-12-08 23:04:20'),
(77, 'Smart Key', '2017-12-08 23:04:20', '2017-12-08 23:04:20'),
(78, 'SMG Transmission', '2017-12-08 23:04:21', '2017-12-08 23:04:21'),
(79, 'Soft Top', '2017-12-08 23:04:21', '2017-12-08 23:04:21'),
(80, 'Suede Seats', '2017-12-08 23:04:21', '2017-12-08 23:04:21'),
(81, 'Sunroof(s)', '2017-12-08 23:04:21', '2017-12-08 23:04:21'),
(82, 'Super Charged Engine', '2017-12-08 23:04:21', '2017-12-08 23:04:21'),
(83, 'Sync System', '2017-12-08 23:04:21', '2017-12-08 23:04:21'),
(84, 'Targa', '2017-12-08 23:04:21', '2017-12-08 23:04:21'),
(85, 'Tow Hitch', '2017-12-08 23:04:21', '2017-12-08 23:04:21'),
(86, 'Traction Control', '2017-12-08 23:04:21', '2017-12-08 23:04:21'),
(87, 'Turbo Charged Engine', '2017-12-08 23:04:21', '2017-12-08 23:04:21'),
(88, 'Vinyl Seats', '2017-12-08 23:04:21', '2017-12-08 23:04:21');

-- --------------------------------------------------------

--
-- Table structure for table `make`
--

CREATE TABLE `make` (
  `id` int(10) UNSIGNED NOT NULL,
  `make` varchar(255) NOT NULL,
  `created_at` datetime DEFAULT CURRENT_TIMESTAMP,
  `updated_at` datetime DEFAULT CURRENT_TIMESTAMP ON UPDATE CURRENT_TIMESTAMP
) ENGINE=InnoDB DEFAULT CHARSET=latin1;

--
-- Dumping data for table `make`
--

INSERT INTO `make` (`id`, `make`, `created_at`, `updated_at`) VALUES
(2, 'Acura', '2017-12-08 22:25:57', '2017-12-08 22:25:57'),
(3, 'Audi', '2017-12-08 22:25:57', '2017-12-08 22:25:57'),
(4, 'BMW', '2017-12-08 22:25:57', '2017-12-08 22:25:57'),
(5, 'Buick', '2017-12-08 22:25:57', '2017-12-08 22:25:57'),
(6, 'Cadillac', '2017-12-08 22:25:57', '2017-12-08 22:25:57'),
(7, 'Chevrolet', '2017-12-08 22:25:57', '2017-12-08 22:25:57'),
(8, 'Chrysler', '2017-12-08 22:25:57', '2017-12-08 22:25:57'),
(9, 'Dodge', '2017-12-08 22:25:57', '2017-12-08 22:25:57'),
(10, 'Fiat', '2017-12-08 22:25:57', '2017-12-08 22:25:57'),
(11, 'Ford', '2017-12-08 22:25:57', '2017-12-08 22:25:57'),
(12, 'Genesis', '2017-12-08 22:25:57', '2017-12-08 22:25:57'),
(13, 'GMC', '2017-12-08 22:25:57', '2017-12-08 22:25:57'),
(14, 'Honda', '2017-12-08 22:25:57', '2017-12-08 22:25:57'),
(15, 'Hummer', '2017-12-08 22:25:57', '2017-12-08 22:25:57'),
(16, 'Hyundai', '2017-12-08 22:25:57', '2017-12-08 22:25:57'),
(17, 'Infiniti', '2017-12-08 22:25:57', '2017-12-08 22:25:57'),
(18, 'Jaguar', '2017-12-08 22:25:57', '2017-12-08 22:25:57'),
(19, 'Jeep', '2017-12-08 22:25:57', '2017-12-08 22:25:57'),
(20, 'Kia', '2017-12-08 22:25:58', '2017-12-08 22:25:58'),
(21, 'Land Rover', '2017-12-08 22:25:58', '2017-12-08 22:25:58'),
(22, 'Lexus', '2017-12-08 22:25:58', '2017-12-08 22:25:58'),
(23, 'Lincoln', '2017-12-08 22:25:58', '2017-12-08 22:25:58'),
(24, 'Mazda', '2017-12-08 22:25:58', '2017-12-08 22:25:58'),
(25, 'Mercedes-Benz', '2017-12-08 22:25:58', '2017-12-08 22:25:58'),
(26, 'Mercury', '2017-12-08 22:25:58', '2017-12-08 22:25:58'),
(27, 'Mini', '2017-12-08 22:25:58', '2017-12-08 22:25:58'),
(28, 'Mitsubishi', '2017-12-08 22:25:58', '2017-12-08 22:25:58'),
(29, 'Nissan', '2017-12-08 22:25:58', '2017-12-08 22:25:58'),
(30, 'Pontiac', '2017-12-08 22:25:58', '2017-12-08 22:25:58'),
(31, 'Porsche', '2017-12-08 22:25:58', '2017-12-08 22:25:58'),
(32, 'Ram', '2017-12-08 22:25:58', '2017-12-08 22:25:58'),
(33, 'Saturn', '2017-12-08 22:25:58', '2017-12-08 22:25:58'),
(34, 'Scion', '2017-12-08 22:25:58', '2017-12-08 22:25:58'),
(35, 'Smart', '2017-12-08 22:25:58', '2017-12-08 22:25:58'),
(36, 'Subaru', '2017-12-08 22:25:58', '2017-12-08 22:25:58'),
(37, 'Toyota', '2017-12-08 22:25:58', '2017-12-08 22:25:58'),
(38, 'Volkswagen', '2017-12-08 22:25:58', '2017-12-08 22:25:58'),
(39, 'Volvo', '2017-12-08 22:26:01', '2017-12-08 22:26:01');

-- --------------------------------------------------------

--
-- Table structure for table `model`
--

CREATE TABLE `model` (
  `id` int(10) UNSIGNED NOT NULL,
  `make` int(10) UNSIGNED NOT NULL,
  `model` varchar(255) NOT NULL,
  `created_at` datetime DEFAULT CURRENT_TIMESTAMP,
  `updated_at` datetime DEFAULT CURRENT_TIMESTAMP ON UPDATE CURRENT_TIMESTAMP
) ENGINE=InnoDB DEFAULT CHARSET=latin1;

--
-- Dumping data for table `model`
--

INSERT INTO `model` (`id`, `make`, `model`, `created_at`, `updated_at`) VALUES
(1, 2, 'ILX', '2017-12-09 07:56:51', '2017-12-09 07:56:51'),
(2, 2, 'ILX Hybrid', '2017-12-09 07:57:07', '2017-12-09 07:57:07'),
(3, 2, 'MDX', '2017-12-09 07:57:14', '2017-12-09 07:57:14'),
(4, 2, 'RDX', '2017-12-09 07:57:18', '2017-12-09 07:57:18'),
(5, 2, 'RL', '2017-12-09 07:57:30', '2017-12-09 07:57:30'),
(6, 2, 'RLX', '2017-12-09 07:58:39', '2017-12-09 07:58:39'),
(7, 2, 'RSX', '2017-12-09 07:58:48', '2017-12-09 07:58:48'),
(8, 2, 'TL', '2017-12-09 07:58:58', '2017-12-09 07:58:58'),
(9, 2, 'TLX', '2017-12-09 07:59:18', '2017-12-09 07:59:18'),
(10, 2, 'TSX', '2017-12-09 07:59:23', '2017-12-09 07:59:23'),
(11, 2, 'ZDX', '2017-12-09 07:59:33', '2017-12-09 07:59:33'),
(13, 3, '	A3', '2017-12-09 08:03:39', '2017-12-09 08:03:39'),
(14, 3, 'A4', '2017-12-09 08:03:39', '2017-12-09 08:03:39'),
(15, 3, 'A5', '2017-12-09 08:03:39', '2017-12-09 08:03:39'),
(16, 3, 'A6', '2017-12-09 08:03:39', '2017-12-09 08:03:39'),
(17, 3, 'A7', '2017-12-09 08:03:39', '2017-12-09 08:03:39'),
(18, 3, 'A8', '2017-12-09 08:03:40', '2017-12-09 08:03:40'),
(19, 3, 'Allroad', '2017-12-09 08:03:40', '2017-12-09 08:03:40'),
(20, 3, 'Q3', '2017-12-09 08:03:40', '2017-12-09 08:03:40'),
(21, 3, 'Q5', '2017-12-09 08:03:40', '2017-12-09 08:03:40'),
(22, 3, 'Q5 Hybrid', '2017-12-09 08:03:40', '2017-12-09 08:03:40'),
(23, 3, 'Q7', '2017-12-09 08:03:40', '2017-12-09 08:03:40'),
(24, 3, 'RS5', '2017-12-09 08:03:40', '2017-12-09 08:03:40'),
(25, 3, 'RS7', '2017-12-09 08:03:40', '2017-12-09 08:03:40'),
(26, 3, 'S3', '2017-12-09 08:03:40', '2017-12-09 08:03:40'),
(27, 3, 'S4', '2017-12-09 08:03:40', '2017-12-09 08:03:40'),
(28, 3, 'S5', '2017-12-09 08:03:40', '2017-12-09 08:03:40'),
(29, 3, 'S6', '2017-12-09 08:03:40', '2017-12-09 08:03:40'),
(30, 3, 'S7', '2017-12-09 08:03:40', '2017-12-09 08:03:40'),
(31, 3, 'S8', '2017-12-09 08:03:40', '2017-12-09 08:03:40'),
(32, 3, 'SQ5', '2017-12-09 08:03:40', '2017-12-09 08:03:40'),
(33, 3, 'TT', '2017-12-09 08:03:40', '2017-12-09 08:03:40'),
(34, 3, 'TTS', '2017-12-09 08:03:40', '2017-12-09 08:03:40'),
(35, 4, '128', '2017-12-09 08:08:24', '2017-12-09 08:08:24'),
(36, 4, '135', '2017-12-09 08:08:24', '2017-12-09 08:08:24'),
(37, 4, '228', '2017-12-09 08:08:24', '2017-12-09 08:08:24'),
(38, 4, '230', '2017-12-09 08:08:24', '2017-12-09 08:08:24'),
(39, 4, '320', '2017-12-09 08:08:24', '2017-12-09 08:08:24'),
(40, 4, '328', '2017-12-09 08:08:24', '2017-12-09 08:08:24'),
(41, 4, '330', '2017-12-09 08:08:24', '2017-12-09 08:08:24'),
(42, 4, '330 Plug In Hybrid', '2017-12-09 08:08:24', '2017-12-09 08:08:24'),
(43, 4, '335', '2017-12-09 08:08:24', '2017-12-09 08:08:24'),
(44, 4, '340', '2017-12-09 08:08:24', '2017-12-09 08:08:24'),
(45, 4, '428', '2017-12-09 08:08:24', '2017-12-09 08:08:24'),
(46, 4, '430', '2017-12-09 08:08:24', '2017-12-09 08:08:24'),
(47, 4, '435', '2017-12-09 08:08:24', '2017-12-09 08:08:24'),
(48, 4, '440', '2017-12-09 08:08:24', '2017-12-09 08:08:24'),
(49, 4, '528', '2017-12-09 08:08:24', '2017-12-09 08:08:24'),
(50, 4, '530', '2017-12-09 08:08:24', '2017-12-09 08:08:24'),
(51, 4, '535', '2017-12-09 08:08:24', '2017-12-09 08:08:24'),
(52, 4, '540', '2017-12-09 08:08:25', '2017-12-09 08:08:25'),
(53, 4, '550', '2017-12-09 08:08:25', '2017-12-09 08:08:25'),
(54, 4, '640', '2017-12-09 08:08:25', '2017-12-09 08:08:25'),
(55, 4, '650', '2017-12-09 08:08:25', '2017-12-09 08:08:25'),
(56, 4, '740', '2017-12-09 08:08:25', '2017-12-09 08:08:25'),
(57, 4, '750', '2017-12-09 08:08:25', '2017-12-09 08:08:25'),
(58, 4, '750 Hybrid', '2017-12-09 08:08:25', '2017-12-09 08:08:25'),
(59, 4, 'Activehybrid 3', '2017-12-09 08:08:25', '2017-12-09 08:08:25'),
(60, 4, 'Activehybrid 5', '2017-12-09 08:08:25', '2017-12-09 08:08:25'),
(61, 4, 'Alpina B7', '2017-12-09 08:08:25', '2017-12-09 08:08:25'),
(62, 4, 'I3', '2017-12-09 08:08:25', '2017-12-09 08:08:25'),
(63, 4, 'M2', '2017-12-09 08:08:25', '2017-12-09 08:08:25'),
(64, 4, 'M235', '2017-12-09 08:08:25', '2017-12-09 08:08:25'),
(65, 4, 'M240', '2017-12-09 08:08:25', '2017-12-09 08:08:25'),
(66, 4, 'M3', '2017-12-09 08:08:25', '2017-12-09 08:08:25'),
(67, 4, 'M4', '2017-12-09 08:08:25', '2017-12-09 08:08:25'),
(68, 4, 'M5', '2017-12-09 08:08:25', '2017-12-09 08:08:25'),
(69, 4, 'M6', '2017-12-09 08:08:25', '2017-12-09 08:08:25'),
(70, 4, 'X1', '2017-12-09 08:08:25', '2017-12-09 08:08:25'),
(71, 4, 'X3', '2017-12-09 08:08:25', '2017-12-09 08:08:25'),
(72, 4, 'X4', '2017-12-09 08:08:25', '2017-12-09 08:08:25'),
(73, 4, 'X5', '2017-12-09 08:08:26', '2017-12-09 08:08:26'),
(74, 4, 'X5 Plug In Hybrid', '2017-12-09 08:08:26', '2017-12-09 08:08:26'),
(75, 4, 'X6', '2017-12-09 08:08:26', '2017-12-09 08:08:26'),
(76, 4, 'Z4', '2017-12-09 08:08:26', '2017-12-09 08:08:26'),
(77, 5, 'Cascada', '2017-12-09 08:10:14', '2017-12-09 08:10:14'),
(78, 5, 'Enclave', '2017-12-09 08:10:14', '2017-12-09 08:10:14'),
(79, 5, 'Encore', '2017-12-09 08:10:14', '2017-12-09 08:10:14'),
(80, 5, 'Envision', '2017-12-09 08:10:14', '2017-12-09 08:10:14'),
(81, 5, 'LaCrosse', '2017-12-09 08:10:14', '2017-12-09 08:10:14'),
(82, 5, 'Lucerne', '2017-12-09 08:10:14', '2017-12-09 08:10:14'),
(83, 5, 'Rainier', '2017-12-09 08:10:14', '2017-12-09 08:10:14'),
(84, 5, 'Regal', '2017-12-09 08:10:14', '2017-12-09 08:10:14'),
(85, 5, 'Verano', '2017-12-09 08:10:14', '2017-12-09 08:10:14'),
(86, 6, 'ATS', '2017-12-09 08:12:46', '2017-12-09 08:12:46'),
(87, 6, 'CT6', '2017-12-09 08:12:46', '2017-12-09 08:12:46'),
(88, 6, 'CTS', '2017-12-09 08:12:46', '2017-12-09 08:12:46'),
(89, 6, 'CTS-V', '2017-12-09 08:12:46', '2017-12-09 08:12:46'),
(90, 6, 'DTS', '2017-12-09 08:12:46', '2017-12-09 08:12:46'),
(91, 6, 'ELR', '2017-12-09 08:12:46', '2017-12-09 08:12:46'),
(92, 6, 'Escalade', '2017-12-09 08:12:46', '2017-12-09 08:12:46'),
(93, 6, 'Escalade EXT', '2017-12-09 08:12:46', '2017-12-09 08:12:46'),
(94, 6, 'SRX', '2017-12-09 08:12:46', '2017-12-09 08:12:46'),
(95, 6, 'STS', '2017-12-09 08:12:46', '2017-12-09 08:12:46'),
(96, 6, 'XT5', '2017-12-09 08:12:46', '2017-12-09 08:12:46'),
(97, 6, 'XTS', '2017-12-09 08:12:47', '2017-12-09 08:12:47'),
(98, 7, 'Avalanche 1500', '2017-12-09 08:43:57', '2017-12-09 08:43:57'),
(99, 7, 'Aveo', '2017-12-09 08:43:57', '2017-12-09 08:43:57'),
(100, 7, 'Camaro', '2017-12-09 08:43:57', '2017-12-09 08:43:57'),
(101, 7, 'Captiva Sport', '2017-12-09 08:43:57', '2017-12-09 08:43:57'),
(102, 7, 'City Express', '2017-12-09 08:43:58', '2017-12-09 08:43:58'),
(103, 7, 'Cobalt', '2017-12-09 08:43:58', '2017-12-09 08:43:58'),
(104, 7, 'Colorado', '2017-12-09 08:43:58', '2017-12-09 08:43:58'),
(105, 7, 'Corvette', '2017-12-09 08:43:58', '2017-12-09 08:43:58'),
(106, 7, 'Cruze', '2017-12-09 08:43:58', '2017-12-09 08:43:58'),
(107, 7, 'Cruze Limited', '2017-12-09 08:43:58', '2017-12-09 08:43:58'),
(108, 7, 'Equinox', '2017-12-09 08:43:58', '2017-12-09 08:43:58'),
(109, 7, 'Express 1500', '2017-12-09 08:43:58', '2017-12-09 08:43:58'),
(110, 7, 'Express 2500', '2017-12-09 08:43:58', '2017-12-09 08:43:58'),
(111, 7, 'Express 3500', '2017-12-09 08:43:58', '2017-12-09 08:43:58'),
(112, 7, 'HHR', '2017-12-09 08:43:58', '2017-12-09 08:43:58'),
(113, 7, 'Impala', '2017-12-09 08:43:58', '2017-12-09 08:43:58'),
(114, 7, 'Impala Limited', '2017-12-09 08:43:58', '2017-12-09 08:43:58'),
(115, 7, 'Malibu', '2017-12-09 08:43:58', '2017-12-09 08:43:58'),
(116, 7, 'Malibu Hybrid', '2017-12-09 08:43:58', '2017-12-09 08:43:58'),
(117, 7, 'Malibu Limited', '2017-12-09 08:43:58', '2017-12-09 08:43:58'),
(118, 7, 'Silverado 1500', '2017-12-09 08:43:58', '2017-12-09 08:43:58'),
(119, 7, 'Silverado 2500', '2017-12-09 08:43:58', '2017-12-09 08:43:58'),
(120, 7, 'Silverado 3500', '2017-12-09 08:43:58', '2017-12-09 08:43:58'),
(121, 7, 'Silverado Classic', '2017-12-09 08:43:58', '2017-12-09 08:43:58'),
(122, 7, 'Sonic', '2017-12-09 08:43:59', '2017-12-09 08:43:59'),
(123, 7, 'Spark', '2017-12-09 08:43:59', '2017-12-09 08:43:59'),
(124, 7, 'Spark EV', '2017-12-09 08:43:59', '2017-12-09 08:43:59'),
(125, 7, 'SS', '2017-12-09 08:43:59', '2017-12-09 08:43:59'),
(126, 7, 'Suburban 1500', '2017-12-09 08:43:59', '2017-12-09 08:43:59'),
(127, 7, 'Tahoe', '2017-12-09 08:43:59', '2017-12-09 08:43:59'),
(128, 7, 'Tahoe 1500', '2017-12-09 08:43:59', '2017-12-09 08:43:59'),
(129, 7, 'TrailBlazer', '2017-12-09 08:43:59', '2017-12-09 08:43:59'),
(130, 7, 'TrailBlazer Ext', '2017-12-09 08:43:59', '2017-12-09 08:43:59'),
(131, 7, 'Traverse', '2017-12-09 08:43:59', '2017-12-09 08:43:59'),
(132, 7, 'Trax', '2017-12-09 08:43:59', '2017-12-09 08:43:59'),
(133, 7, 'Volt', '2017-12-09 08:43:59', '2017-12-09 08:43:59'),
(134, 9, 'Avenger', '2017-12-09 08:47:02', '2017-12-09 08:47:02'),
(135, 9, 'Caliber', '2017-12-09 08:47:02', '2017-12-09 08:47:02'),
(136, 9, 'Caliber SRT-4', '2017-12-09 08:47:02', '2017-12-09 08:47:02'),
(137, 9, 'Challenger', '2017-12-09 08:47:02', '2017-12-09 08:47:02'),
(138, 9, 'Challenger SRT-8', '2017-12-09 08:47:02', '2017-12-09 08:47:02'),
(139, 9, 'Charger', '2017-12-09 08:47:02', '2017-12-09 08:47:02'),
(140, 9, 'Charger SRT-8', '2017-12-09 08:47:02', '2017-12-09 08:47:02'),
(141, 9, 'Dakota', '2017-12-09 08:47:03', '2017-12-09 08:47:03'),
(142, 9, 'Dart', '2017-12-09 08:47:03', '2017-12-09 08:47:03'),
(143, 9, 'Durango', '2017-12-09 08:47:03', '2017-12-09 08:47:03'),
(144, 9, 'Grand Caravan', '2017-12-09 08:47:03', '2017-12-09 08:47:03'),
(145, 9, 'Journey', '2017-12-09 08:47:03', '2017-12-09 08:47:03'),
(146, 9, 'Nitro', '2017-12-09 08:47:03', '2017-12-09 08:47:03'),
(147, 9, 'Promaster 1500', '2017-12-09 08:47:03', '2017-12-09 08:47:03'),
(148, 9, 'Promaster City', '2017-12-09 08:47:03', '2017-12-09 08:47:03'),
(149, 9, 'RAM 1500', '2017-12-09 08:47:03', '2017-12-09 08:47:03'),
(150, 9, 'RAM 2500', '2017-12-09 08:47:03', '2017-12-09 08:47:03'),
(151, 9, 'RAM 3500', '2017-12-09 08:47:03', '2017-12-09 08:47:03'),
(152, 10, '124 Spider', '2017-12-09 08:49:16', '2017-12-09 08:49:16'),
(153, 10, '500', '2017-12-09 08:49:16', '2017-12-09 08:49:16'),
(154, 10, '500L', '2017-12-09 08:49:16', '2017-12-09 08:49:16'),
(155, 10, '500x', '2017-12-09 08:49:16', '2017-12-09 08:49:16'),
(156, 8, '200', '2017-12-09 09:02:46', '2017-12-09 09:02:46'),
(157, 8, '300', '2017-12-09 09:02:46', '2017-12-09 09:02:46'),
(158, 8, '300 C SRT', '2017-12-09 09:02:47', '2017-12-09 09:02:47'),
(159, 8, 'Crossfire', '2017-12-09 09:02:47', '2017-12-09 09:02:47'),
(160, 8, 'Pacifica', '2017-12-09 09:02:47', '2017-12-09 09:02:47'),
(161, 8, 'PT Cruiser', '2017-12-09 09:02:47', '2017-12-09 09:02:47'),
(162, 8, 'Sebring', '2017-12-09 09:02:47', '2017-12-09 09:02:47'),
(163, 8, 'Town and Country', '2017-12-09 09:02:47', '2017-12-09 09:02:47'),
(164, 11, 'C-Max', '2017-12-09 15:01:13', '2017-12-09 15:01:13'),
(165, 11, 'C-Max energi', '2017-12-09 15:01:13', '2017-12-09 15:01:13'),
(166, 11, 'Crown Victoria', '2017-12-09 15:01:13', '2017-12-09 15:01:13'),
(167, 11, 'E-150', '2017-12-09 15:01:13', '2017-12-09 15:01:13'),
(168, 11, 'E-350', '2017-12-09 15:01:13', '2017-12-09 15:01:13'),
(169, 11, 'Edge', '2017-12-09 15:01:14', '2017-12-09 15:01:14'),
(170, 11, 'Escape', '2017-12-09 15:01:14', '2017-12-09 15:01:14'),
(171, 11, 'Escape Hybrid', '2017-12-09 15:01:14', '2017-12-09 15:01:14'),
(172, 11, 'Expedition', '2017-12-09 15:01:14', '2017-12-09 15:01:14'),
(173, 11, 'Expedition EL', '2017-12-09 15:01:14', '2017-12-09 15:01:14'),
(174, 11, 'Explorer', '2017-12-09 15:01:14', '2017-12-09 15:01:14'),
(175, 11, 'Explorer Sport Trac', '2017-12-09 15:01:14', '2017-12-09 15:01:14'),
(176, 11, 'F350', '2017-12-09 15:01:14', '2017-12-09 15:01:14'),
(177, 11, 'Fiesta', '2017-12-09 15:01:14', '2017-12-09 15:01:14'),
(178, 11, 'Five Hundred', '2017-12-09 15:01:14', '2017-12-09 15:01:14'),
(179, 11, 'Flex', '2017-12-09 15:01:14', '2017-12-09 15:01:14'),
(180, 11, 'Focus', '2017-12-09 15:01:14', '2017-12-09 15:01:14'),
(181, 11, 'Focus Electric', '2017-12-09 15:01:14', '2017-12-09 15:01:14'),
(182, 11, 'Freestar', '2017-12-09 15:01:14', '2017-12-09 15:01:14'),
(183, 11, 'Freestyle', '2017-12-09 15:01:14', '2017-12-09 15:01:14'),
(184, 11, 'Fusion', '2017-12-09 15:01:14', '2017-12-09 15:01:14'),
(185, 11, 'Fusion Energi', '2017-12-09 15:01:14', '2017-12-09 15:01:14'),
(186, 11, 'Fusion Hybrid', '2017-12-09 15:01:14', '2017-12-09 15:01:14'),
(187, 11, 'Mustang', '2017-12-09 15:01:14', '2017-12-09 15:01:14'),
(188, 11, 'Ranger', '2017-12-09 15:01:15', '2017-12-09 15:01:15'),
(189, 11, 'Taurus', '2017-12-09 15:01:15', '2017-12-09 15:01:15'),
(190, 11, 'Taurus X', '2017-12-09 15:01:15', '2017-12-09 15:01:15'),
(191, 11, 'Transit 150', '2017-12-09 15:01:15', '2017-12-09 15:01:15'),
(192, 11, 'Transit 250', '2017-12-09 15:01:15', '2017-12-09 15:01:15'),
(193, 11, 'Transit 350', '2017-12-09 15:01:15', '2017-12-09 15:01:15'),
(194, 11, 'Transit Connect', '2017-12-09 15:01:15', '2017-12-09 15:01:15'),
(195, 12, 'G80', '2017-12-09 15:02:38', '2017-12-09 15:02:38'),
(196, 12, 'G90', '2017-12-09 15:02:38', '2017-12-09 15:02:38'),
(197, 13, 'Acadia', '2017-12-09 15:04:33', '2017-12-09 15:04:33'),
(198, 13, 'Acadia Limited', '2017-12-09 15:04:33', '2017-12-09 15:04:33'),
(199, 13, 'Canyon', '2017-12-09 15:04:33', '2017-12-09 15:04:33'),
(200, 13, 'Envoy', '2017-12-09 15:04:33', '2017-12-09 15:04:33'),
(201, 13, 'Savana 3500', '2017-12-09 15:04:33', '2017-12-09 15:04:33'),
(202, 13, 'Sierra 1500', '2017-12-09 15:04:33', '2017-12-09 15:04:33'),
(203, 13, 'Sierra 2500', '2017-12-09 15:04:33', '2017-12-09 15:04:33'),
(204, 13, 'Sierra 3500', '2017-12-09 15:04:33', '2017-12-09 15:04:33'),
(205, 13, 'Sierra Hybrid', '2017-12-09 15:04:33', '2017-12-09 15:04:33'),
(206, 13, 'Terrain', '2017-12-09 15:04:33', '2017-12-09 15:04:33'),
(207, 13, 'Yukon', '2017-12-09 15:04:33', '2017-12-09 15:04:33'),
(208, 13, 'Yukon XL 1500', '2017-12-09 15:04:34', '2017-12-09 15:04:34'),
(209, 14, 'Accord', '2017-12-09 15:07:04', '2017-12-09 15:07:04'),
(210, 14, 'Accord CrossTour', '2017-12-09 15:07:04', '2017-12-09 15:07:04'),
(211, 14, 'Accord Hybrid', '2017-12-09 15:07:04', '2017-12-09 15:07:04'),
(212, 14, 'Accord Plug in Hybrid', '2017-12-09 15:07:04', '2017-12-09 15:07:04'),
(213, 14, 'Civic', '2017-12-09 15:07:04', '2017-12-09 15:07:04'),
(214, 14, 'Civic Hybrid', '2017-12-09 15:07:04', '2017-12-09 15:07:04'),
(215, 14, 'CR-V', '2017-12-09 15:07:05', '2017-12-09 15:07:05'),
(216, 14, 'CR-Z', '2017-12-09 15:07:05', '2017-12-09 15:07:05'),
(217, 14, 'Fit', '2017-12-09 15:07:05', '2017-12-09 15:07:05'),
(218, 14, 'HR-V', '2017-12-09 15:07:05', '2017-12-09 15:07:05'),
(219, 14, 'Insight', '2017-12-09 15:07:05', '2017-12-09 15:07:05'),
(220, 14, 'Odyssey', '2017-12-09 15:07:05', '2017-12-09 15:07:05'),
(221, 14, 'Pilot', '2017-12-09 15:07:05', '2017-12-09 15:07:05'),
(222, 14, 'Ridgeline', '2017-12-09 15:07:05', '2017-12-09 15:07:05'),
(223, 14, 'S2000', '2017-12-09 15:07:05', '2017-12-09 15:07:05'),
(224, 15, 'H1', '2017-12-09 15:11:17', '2017-12-09 15:11:17'),
(225, 15, 'H2', '2017-12-09 15:11:17', '2017-12-09 15:11:17'),
(226, 15, 'H3', '2017-12-09 15:11:17', '2017-12-09 15:11:17'),
(227, 15, 'H2T', '2017-12-09 15:11:17', '2017-12-09 15:11:17'),
(228, 16, 'Accent', '2017-12-09 15:13:59', '2017-12-09 15:13:59'),
(229, 16, 'Azera', '2017-12-09 15:13:59', '2017-12-09 15:13:59'),
(230, 16, 'Elantra', '2017-12-09 15:13:59', '2017-12-09 15:13:59'),
(231, 16, 'Entourage', '2017-12-09 15:13:59', '2017-12-09 15:13:59'),
(232, 16, 'Equus', '2017-12-09 15:13:59', '2017-12-09 15:13:59'),
(233, 16, 'Genesis', '2017-12-09 15:13:59', '2017-12-09 15:13:59'),
(234, 16, 'Loniq Hybrid', '2017-12-09 15:13:59', '2017-12-09 15:13:59'),
(235, 16, 'Santa Fe', '2017-12-09 15:13:59', '2017-12-09 15:13:59'),
(236, 16, 'Santa Fe Sport', '2017-12-09 15:13:59', '2017-12-09 15:13:59'),
(237, 16, 'Sonata', '2017-12-09 15:13:59', '2017-12-09 15:13:59'),
(238, 16, 'Sonata Hybrid', '2017-12-09 15:13:59', '2017-12-09 15:13:59'),
(239, 16, 'Tiburon', '2017-12-09 15:13:59', '2017-12-09 15:13:59'),
(240, 16, 'Tucson', '2017-12-09 15:13:59', '2017-12-09 15:13:59'),
(241, 16, 'Veloster', '2017-12-09 15:13:59', '2017-12-09 15:13:59'),
(242, 16, 'Veracruz', '2017-12-09 15:14:00', '2017-12-09 15:14:00'),
(243, 17, 'EX35', '2017-12-09 15:17:31', '2017-12-09 15:17:31'),
(244, 17, 'EX37', '2017-12-09 15:17:31', '2017-12-09 15:17:31'),
(245, 17, 'FX35', '2017-12-09 15:17:32', '2017-12-09 15:17:32'),
(246, 17, 'FX37', '2017-12-09 15:17:32', '2017-12-09 15:17:32'),
(247, 17, 'FX45', '2017-12-09 15:17:32', '2017-12-09 15:17:32'),
(248, 17, 'FX50', '2017-12-09 15:17:32', '2017-12-09 15:17:32'),
(249, 17, 'G25', '2017-12-09 15:17:32', '2017-12-09 15:17:32'),
(250, 17, 'G35', '2017-12-09 15:17:32', '2017-12-09 15:17:32'),
(251, 17, 'G37', '2017-12-09 15:17:32', '2017-12-09 15:17:32'),
(252, 17, 'JX35', '2017-12-09 15:17:32', '2017-12-09 15:17:32'),
(253, 17, 'M35', '2017-12-09 15:17:32', '2017-12-09 15:17:32'),
(254, 17, 'M35H', '2017-12-09 15:17:32', '2017-12-09 15:17:32'),
(255, 17, 'M37', '2017-12-09 15:17:32', '2017-12-09 15:17:32'),
(256, 17, 'M45', '2017-12-09 15:17:32', '2017-12-09 15:17:32'),
(257, 17, 'M56', '2017-12-09 15:17:32', '2017-12-09 15:17:32'),
(258, 17, 'Q40', '2017-12-09 15:17:32', '2017-12-09 15:17:32'),
(259, 17, 'Q50', '2017-12-09 15:17:32', '2017-12-09 15:17:32'),
(260, 17, 'Q50 Hybrid', '2017-12-09 15:17:32', '2017-12-09 15:17:32'),
(261, 17, 'Q60', '2017-12-09 15:17:32', '2017-12-09 15:17:32'),
(262, 17, 'Q70', '2017-12-09 15:17:32', '2017-12-09 15:17:32'),
(263, 17, 'Q70 Hybrid', '2017-12-09 15:17:32', '2017-12-09 15:17:32'),
(264, 17, 'QX30', '2017-12-09 15:17:32', '2017-12-09 15:17:32'),
(265, 17, 'QX50', '2017-12-09 15:17:32', '2017-12-09 15:17:32'),
(266, 17, 'QX56', '2017-12-09 15:17:32', '2017-12-09 15:17:32'),
(267, 17, 'QX60', '2017-12-09 15:17:32', '2017-12-09 15:17:32'),
(268, 17, 'QX60 Hybrid', '2017-12-09 15:17:32', '2017-12-09 15:17:32'),
(269, 17, 'QX70', '2017-12-09 15:17:33', '2017-12-09 15:17:33'),
(270, 17, 'QX80', '2017-12-09 15:17:33', '2017-12-09 15:17:33'),
(271, 18, 'F-Pace', '2017-12-09 15:18:57', '2017-12-09 15:18:57'),
(272, 18, 'F-Type', '2017-12-09 15:18:57', '2017-12-09 15:18:57'),
(273, 18, 'XE', '2017-12-09 15:18:58', '2017-12-09 15:18:58'),
(274, 18, 'XF', '2017-12-09 15:18:58', '2017-12-09 15:18:58'),
(275, 18, 'XJ', '2017-12-09 15:18:58', '2017-12-09 15:18:58'),
(276, 18, 'XJR', '2017-12-09 15:18:58', '2017-12-09 15:18:58'),
(277, 18, 'XK', '2017-12-09 15:18:58', '2017-12-09 15:18:58'),
(278, 18, 'XKR', '2017-12-09 15:18:58', '2017-12-09 15:18:58'),
(279, 19, 'Cherokee', '2017-12-09 15:20:38', '2017-12-09 15:20:38'),
(280, 19, 'Compass', '2017-12-09 15:20:38', '2017-12-09 15:20:38'),
(281, 19, 'Grand Cherokee', '2017-12-09 15:20:38', '2017-12-09 15:20:38'),
(282, 19, 'Grand Cherokee SRT-8', '2017-12-09 15:20:38', '2017-12-09 15:20:38'),
(283, 19, 'Liberty', '2017-12-09 15:20:38', '2017-12-09 15:20:38'),
(284, 19, 'Patriot', '2017-12-09 15:20:38', '2017-12-09 15:20:38'),
(285, 19, 'Renegade', '2017-12-09 15:20:38', '2017-12-09 15:20:38'),
(286, 19, 'Wrangler', '2017-12-09 15:20:38', '2017-12-09 15:20:38'),
(287, 20, 'Borrego', '2017-12-09 15:26:16', '2017-12-09 15:26:16'),
(288, 20, 'Cadenza', '2017-12-09 15:26:16', '2017-12-09 15:26:16'),
(289, 20, 'Forte', '2017-12-09 15:26:16', '2017-12-09 15:26:16'),
(290, 20, 'Forte5', '2017-12-09 15:26:16', '2017-12-09 15:26:16'),
(291, 20, 'K900', '2017-12-09 15:26:16', '2017-12-09 15:26:16'),
(292, 20, 'Niro', '2017-12-09 15:26:16', '2017-12-09 15:26:16'),
(293, 20, 'Optima', '2017-12-09 15:26:16', '2017-12-09 15:26:16'),
(294, 20, 'Optima Hybrid', '2017-12-09 15:26:16', '2017-12-09 15:26:16'),
(295, 20, 'Rio', '2017-12-09 15:26:17', '2017-12-09 15:26:17'),
(296, 20, 'Rio5', '2017-12-09 15:26:17', '2017-12-09 15:26:17'),
(297, 20, 'Rondo', '2017-12-09 15:26:17', '2017-12-09 15:26:17'),
(298, 20, 'Sedona', '2017-12-09 15:26:17', '2017-12-09 15:26:17'),
(299, 20, 'Sorento', '2017-12-09 15:26:17', '2017-12-09 15:26:17'),
(300, 20, 'Soul', '2017-12-09 15:26:17', '2017-12-09 15:26:17'),
(301, 20, 'Spectra', '2017-12-09 15:26:17', '2017-12-09 15:26:17'),
(302, 20, 'Sportage', '2017-12-09 15:26:17', '2017-12-09 15:26:17'),
(303, 39, 'C30', '2017-12-09 15:26:32', '2017-12-09 15:26:32'),
(304, 39, 'C70', '2017-12-09 15:26:32', '2017-12-09 15:26:32'),
(305, 39, 'S40', '2017-12-09 15:26:32', '2017-12-09 15:26:32'),
(306, 39, 'S60', '2017-12-09 15:26:32', '2017-12-09 15:26:32'),
(307, 39, 'S80', '2017-12-09 15:26:32', '2017-12-09 15:26:32'),
(308, 39, 'S90', '2017-12-09 15:26:32', '2017-12-09 15:26:32'),
(309, 39, 'V50', '2017-12-09 15:26:32', '2017-12-09 15:26:32'),
(310, 39, 'V60', '2017-12-09 15:26:32', '2017-12-09 15:26:32'),
(311, 39, 'V90', '2017-12-09 15:26:33', '2017-12-09 15:26:33'),
(312, 39, 'XC60', '2017-12-09 15:26:33', '2017-12-09 15:26:33'),
(313, 39, 'XC70', '2017-12-09 15:26:33', '2017-12-09 15:26:33'),
(314, 39, 'XC90', '2017-12-09 15:26:33', '2017-12-09 15:26:33'),
(315, 38, 'Beetle', '2017-12-09 15:28:56', '2017-12-09 15:28:56'),
(316, 38, 'CC', '2017-12-09 15:28:56', '2017-12-09 15:28:56'),
(317, 38, 'Eos', '2017-12-09 15:28:56', '2017-12-09 15:28:56'),
(318, 38, 'GLI', '2017-12-09 15:28:57', '2017-12-09 15:28:57'),
(319, 38, 'Golf', '2017-12-09 15:28:57', '2017-12-09 15:28:57'),
(320, 38, 'Golf Alltrack', '2017-12-09 15:28:57', '2017-12-09 15:30:58'),
(321, 38, 'Golf Electic', '2017-12-09 15:28:57', '2017-12-09 15:31:05'),
(322, 38, 'GTI', '2017-12-09 15:28:57', '2017-12-09 15:28:57'),
(323, 38, 'Jetta', '2017-12-09 15:28:57', '2017-12-09 15:28:57'),
(324, 38, 'Jetta Hybrid', '2017-12-09 15:28:57', '2017-12-09 15:31:09'),
(325, 38, 'Passat', '2017-12-09 15:28:57', '2017-12-09 15:28:57'),
(326, 38, 'Rabbit', '2017-12-09 15:28:57', '2017-12-09 15:28:57'),
(327, 38, 'Routan', '2017-12-09 15:28:57', '2017-12-09 15:28:57'),
(328, 38, 'Tiguan', '2017-12-09 15:28:57', '2017-12-09 15:28:57'),
(329, 38, 'Toureg', '2017-12-09 15:28:57', '2017-12-09 15:28:57'),
(330, 22, 'CT 200h', '2017-12-09 15:36:26', '2017-12-09 15:36:26'),
(331, 22, 'ES 300h', '2017-12-09 15:36:26', '2017-12-09 15:36:26'),
(332, 22, 'ES 330', '2017-12-09 15:36:26', '2017-12-09 15:36:26'),
(333, 22, 'ES 350', '2017-12-09 15:36:26', '2017-12-09 15:36:26'),
(334, 22, 'GS 200t', '2017-12-09 15:36:26', '2017-12-09 15:36:26'),
(335, 22, 'GS 300', '2017-12-09 15:36:26', '2017-12-09 15:36:26'),
(336, 22, 'GS 350', '2017-12-09 15:36:26', '2017-12-09 15:36:26'),
(337, 22, 'GS 450H', '2017-12-09 15:36:26', '2017-12-09 15:36:26'),
(338, 22, 'GX 460', '2017-12-09 15:36:26', '2017-12-09 15:36:26'),
(339, 22, 'GX 470', '2017-12-09 15:36:26', '2017-12-09 15:36:26'),
(340, 22, 'HS 350h', '2017-12-09 15:36:26', '2017-12-09 15:36:26'),
(341, 22, 'IS 200t', '2017-12-09 15:36:26', '2017-12-09 15:36:26'),
(342, 22, 'IS 250', '2017-12-09 15:36:27', '2017-12-09 15:36:27'),
(343, 22, 'IS 300', '2017-12-09 15:36:27', '2017-12-09 15:36:27'),
(344, 22, 'IS 350', '2017-12-09 15:36:27', '2017-12-09 15:36:27'),
(345, 22, 'IS F', '2017-12-09 15:36:27', '2017-12-09 15:36:27'),
(346, 22, 'LS 430', '2017-12-09 15:36:27', '2017-12-09 15:36:27'),
(347, 22, 'LX 570', '2017-12-09 15:36:27', '2017-12-09 15:36:27'),
(348, 22, 'NX 200t', '2017-12-09 15:36:27', '2017-12-09 15:36:27'),
(349, 22, 'NX 300h', '2017-12-09 15:36:27', '2017-12-09 15:36:27'),
(350, 22, 'RC 200t', '2017-12-09 15:36:27', '2017-12-09 15:36:27'),
(351, 22, 'RC 350', '2017-12-09 15:36:27', '2017-12-09 15:36:27'),
(352, 22, 'RC F', '2017-12-09 15:36:27', '2017-12-09 15:36:27'),
(353, 22, 'RX 330', '2017-12-09 15:36:27', '2017-12-09 15:36:27'),
(354, 22, 'RX 350', '2017-12-09 15:36:27', '2017-12-09 15:36:27'),
(355, 22, 'RX 400h', '2017-12-09 15:36:27', '2017-12-09 15:36:27'),
(356, 22, 'RX 450h', '2017-12-09 15:36:27', '2017-12-09 15:36:27'),
(357, 22, 'RX 450h', '2017-12-09 15:36:27', '2017-12-09 15:36:27'),
(358, 22, '', '2017-12-09 15:36:27', '2017-12-09 15:36:27'),
(359, 37, '4 Runner', '2017-12-09 15:37:56', '2017-12-09 15:37:56'),
(360, 37, 'Avalon', '2017-12-09 15:37:56', '2017-12-09 15:37:56'),
(361, 37, 'Avalon Hybrid', '2017-12-09 15:37:56', '2017-12-09 15:37:56'),
(362, 37, 'C-HR', '2017-12-09 15:37:56', '2017-12-09 15:37:56'),
(363, 37, 'Camry', '2017-12-09 15:37:56', '2017-12-09 15:37:56'),
(364, 37, 'Camry Hybrid', '2017-12-09 15:37:56', '2017-12-09 15:37:56'),
(365, 37, 'Corolla', '2017-12-09 15:37:56', '2017-12-09 15:37:56'),
(366, 37, 'Corolla iM', '2017-12-09 15:37:56', '2017-12-09 15:37:56'),
(367, 37, 'FJ Cruiser', '2017-12-09 15:37:56', '2017-12-09 15:37:56'),
(368, 37, 'Highlander', '2017-12-09 15:37:56', '2017-12-09 15:37:56'),
(369, 37, 'Highlander Hybrid', '2017-12-09 15:37:56', '2017-12-09 15:37:56'),
(370, 37, 'Land Cruiser', '2017-12-09 15:37:56', '2017-12-09 15:37:56'),
(371, 37, 'Matrix', '2017-12-09 15:37:56', '2017-12-09 15:37:56'),
(372, 37, 'Prius', '2017-12-09 15:37:56', '2017-12-09 15:37:56'),
(373, 37, 'Prius C', '2017-12-09 15:37:56', '2017-12-09 15:37:56'),
(374, 37, 'Prius Plug In Hybrid', '2017-12-09 15:37:57', '2017-12-09 15:37:57'),
(375, 37, 'Prius Prime Hybrid', '2017-12-09 15:37:57', '2017-12-09 15:37:57'),
(376, 37, 'Prius V', '2017-12-09 15:37:57', '2017-12-09 15:37:57'),
(377, 37, 'RAV4', '2017-12-09 15:37:57', '2017-12-09 15:37:57'),
(378, 37, 'Rav 4 EV', '2017-12-09 15:37:57', '2017-12-09 15:37:57'),
(379, 37, 'RAV 4 Hybrid', '2017-12-09 15:37:57', '2017-12-09 15:37:57'),
(380, 37, 'Sequoia', '2017-12-09 15:37:57', '2017-12-09 15:37:57'),
(381, 37, 'Sienna', '2017-12-09 15:37:57', '2017-12-09 15:37:57'),
(382, 37, 'Solara', '2017-12-09 15:37:57', '2017-12-09 15:37:57'),
(383, 37, 'Tacoma', '2017-12-09 15:37:57', '2017-12-09 15:37:57'),
(384, 37, 'Tundra', '2017-12-09 15:37:57', '2017-12-09 15:37:57'),
(385, 37, 'Venza', '2017-12-09 15:37:57', '2017-12-09 15:37:57'),
(386, 37, 'Yaris', '2017-12-09 15:37:57', '2017-12-09 15:37:57'),
(387, 37, 'Yaris iA', '2017-12-09 15:37:57', '2017-12-09 15:37:57'),
(388, 21, 'Discovery Sport', '2017-12-09 15:39:20', '2017-12-09 15:39:20'),
(389, 21, 'LR2', '2017-12-09 15:39:20', '2017-12-09 15:39:20'),
(390, 21, 'LR4', '2017-12-09 15:39:20', '2017-12-09 15:39:20'),
(391, 21, 'Range Rover', '2017-12-09 15:39:20', '2017-12-09 15:39:20'),
(392, 21, 'Range Rover Evoque', '2017-12-09 15:39:21', '2017-12-09 15:39:21'),
(393, 21, 'Range Rover Sport', '2017-12-09 15:39:21', '2017-12-09 15:39:21'),
(394, 36, 'BRZ', '2017-12-09 15:40:40', '2017-12-09 15:40:40'),
(395, 36, 'Forester', '2017-12-09 15:40:40', '2017-12-09 15:40:40'),
(396, 36, 'Impreza', '2017-12-09 15:40:40', '2017-12-09 15:40:40'),
(397, 36, 'Legacy', '2017-12-09 15:40:40', '2017-12-09 15:40:40'),
(398, 36, 'Outback', '2017-12-09 15:40:40', '2017-12-09 15:40:40'),
(399, 36, 'Tribeca', '2017-12-09 15:40:40', '2017-12-09 15:40:40'),
(400, 36, 'WRX', '2017-12-09 15:40:40', '2017-12-09 15:40:40'),
(401, 36, 'XV Crosstrek', '2017-12-09 15:40:40', '2017-12-09 15:40:40'),
(402, 36, 'XV Crosstrek Hybrid', '2017-12-09 15:40:40', '2017-12-09 15:40:40'),
(410, 23, 'Continental', '2017-12-09 15:41:58', '2017-12-09 15:41:58'),
(411, 23, 'Mark LT', '2017-12-09 15:41:58', '2017-12-09 15:41:58'),
(412, 23, 'MKC', '2017-12-09 15:41:58', '2017-12-09 15:41:58'),
(413, 23, 'MKS', '2017-12-09 15:41:58', '2017-12-09 15:41:58'),
(414, 23, 'MKT', '2017-12-09 15:41:58', '2017-12-09 15:41:58'),
(415, 23, 'MKX', '2017-12-09 15:41:58', '2017-12-09 15:41:58'),
(416, 23, 'MKZ', '2017-12-09 15:41:58', '2017-12-09 15:41:58'),
(417, 23, 'MKZ Hybrid', '2017-12-09 15:41:58', '2017-12-09 15:41:58'),
(418, 23, 'Navigator', '2017-12-09 15:41:58', '2017-12-09 15:41:58'),
(420, 23, 'Navigator L', '2017-12-09 15:42:46', '2017-12-09 15:42:46'),
(421, 23, 'Town Car', '2017-12-09 15:42:46', '2017-12-09 15:42:46'),
(427, 34, 'FR-S', '2017-12-09 15:45:42', '2017-12-09 15:45:42'),
(428, 34, 'iA', '2017-12-09 15:45:42', '2017-12-09 15:45:42'),
(429, 34, 'iM', '2017-12-09 15:45:42', '2017-12-09 15:45:42'),
(430, 34, 'iQtC', '2017-12-09 15:45:42', '2017-12-09 15:45:42'),
(431, 34, 'xA', '2017-12-09 15:45:42', '2017-12-09 15:45:42'),
(432, 34, 'xB', '2017-12-09 15:45:42', '2017-12-09 15:45:42'),
(433, 34, 'xD', '2017-12-09 15:45:42', '2017-12-09 15:45:42'),
(434, 24, 'CX-3', '2017-12-09 15:46:18', '2017-12-09 15:46:18'),
(435, 24, 'CX-5', '2017-12-09 15:46:18', '2017-12-09 15:46:18'),
(436, 24, 'CX-7', '2017-12-09 15:46:18', '2017-12-09 15:46:18'),
(437, 24, 'CX-9', '2017-12-09 15:46:18', '2017-12-09 15:46:18'),
(438, 24, 'Mazda2', '2017-12-09 15:46:18', '2017-12-09 15:46:18'),
(439, 24, 'Mazda3', '2017-12-09 15:46:18', '2017-12-09 15:46:18'),
(440, 24, 'Mazda5', '2017-12-09 15:46:18', '2017-12-09 15:46:18'),
(441, 24, 'Mazda6', '2017-12-09 15:46:18', '2017-12-09 15:46:18'),
(442, 24, 'MX-5 Miata', '2017-12-09 15:46:18', '2017-12-09 15:46:18'),
(443, 24, 'Tribute', '2017-12-09 15:46:18', '2017-12-09 15:46:18'),
(444, 33, 'Astra', '2017-12-09 15:46:44', '2017-12-09 15:46:44'),
(445, 33, 'Aura', '2017-12-09 15:46:45', '2017-12-09 15:46:45'),
(446, 33, 'Ion', '2017-12-09 15:46:45', '2017-12-09 15:46:45'),
(447, 33, 'Outlook', '2017-12-09 15:46:45', '2017-12-09 15:46:45'),
(448, 33, 'Sky', '2017-12-09 15:46:45', '2017-12-09 15:46:45'),
(449, 33, 'Vue', '2017-12-09 15:46:45', '2017-12-09 15:46:45'),
(450, 31, '911', '2017-12-09 15:48:32', '2017-12-09 15:48:32'),
(451, 31, 'Boxster', '2017-12-09 15:48:32', '2017-12-09 15:48:32'),
(452, 31, 'Cayenne', '2017-12-09 15:48:32', '2017-12-09 15:48:32'),
(453, 31, 'Cayenne Hybrid', '2017-12-09 15:48:32', '2017-12-09 15:48:32'),
(454, 31, 'Cayman', '2017-12-09 15:48:32', '2017-12-09 15:48:32'),
(455, 31, 'Macan', '2017-12-09 15:48:32', '2017-12-09 15:48:32'),
(456, 31, 'Panamera', '2017-12-09 15:48:32', '2017-12-09 15:48:32'),
(457, 31, 'Panamera Hybrid', '2017-12-09 15:48:32', '2017-12-09 15:48:32'),
(458, 30, 'G3', '2017-12-09 15:49:23', '2017-12-09 15:49:23'),
(459, 30, 'G6', '2017-12-09 15:49:23', '2017-12-09 15:49:23'),
(460, 30, 'G8', '2017-12-09 15:49:23', '2017-12-09 15:49:23'),
(461, 30, 'Grand Prix', '2017-12-09 15:49:23', '2017-12-09 15:49:23'),
(462, 30, 'Torrent', '2017-12-09 15:49:23', '2017-12-09 15:49:23'),
(463, 30, 'Vibe', '2017-12-09 15:49:24', '2017-12-09 15:49:24'),
(464, 29, '350Z', '2017-12-09 15:52:41', '2017-12-09 15:52:41'),
(465, 29, '370Z', '2017-12-09 15:52:41', '2017-12-09 15:52:41'),
(466, 29, 'Altima', '2017-12-09 15:52:41', '2017-12-09 15:52:41'),
(467, 29, 'Altima Hybrid', '2017-12-09 15:52:41', '2017-12-09 15:52:41'),
(468, 29, 'Armada', '2017-12-09 15:52:41', '2017-12-09 15:52:41'),
(469, 29, 'Cube', '2017-12-09 15:52:41', '2017-12-09 15:52:41'),
(470, 29, 'Frontier', '2017-12-09 15:52:41', '2017-12-09 15:52:41'),
(471, 29, 'Juke', '2017-12-09 15:52:41', '2017-12-09 15:52:41'),
(472, 29, 'Leaf', '2017-12-09 15:52:42', '2017-12-09 15:52:42'),
(473, 29, 'Maxima', '2017-12-09 15:52:42', '2017-12-09 15:52:42'),
(474, 29, 'Murano', '2017-12-09 15:52:42', '2017-12-09 15:52:42'),
(475, 29, 'Murano Cross Cabriolet', '2017-12-09 15:52:42', '2017-12-09 15:52:42'),
(476, 29, 'Murano Hybrid', '2017-12-09 15:52:42', '2017-12-09 15:52:42'),
(477, 29, 'NV 200', '2017-12-09 15:52:42', '2017-12-09 15:52:42'),
(478, 29, 'NV 3500', '2017-12-09 15:52:42', '2017-12-09 15:52:42'),
(479, 29, 'Pathfinder', '2017-12-09 15:52:42', '2017-12-09 15:52:42'),
(480, 29, 'Pathfinder Hybrid', '2017-12-09 15:52:42', '2017-12-09 15:52:42'),
(481, 29, 'Quest', '2017-12-09 15:52:42', '2017-12-09 15:52:42'),
(482, 29, 'Rogue', '2017-12-09 15:52:42', '2017-12-09 15:52:42'),
(483, 29, 'Rogue Select', '2017-12-09 15:52:42', '2017-12-09 15:52:42'),
(484, 29, 'Sentra', '2017-12-09 15:52:42', '2017-12-09 15:52:42'),
(485, 29, 'Titan', '2017-12-09 15:52:42', '2017-12-09 15:52:42'),
(486, 29, 'Titan XD', '2017-12-09 15:52:42', '2017-12-09 15:52:42'),
(487, 29, 'Versa', '2017-12-09 15:52:42', '2017-12-09 15:52:42'),
(488, 29, 'Versa Note', '2017-12-09 15:52:42', '2017-12-09 15:52:42'),
(489, 29, 'Xterra', '2017-12-09 15:52:42', '2017-12-09 15:52:42'),
(490, 28, 'Eclipse', '2017-12-09 15:54:22', '2017-12-09 15:54:22'),
(491, 28, 'Galant', '2017-12-09 15:54:22', '2017-12-09 15:54:22'),
(492, 28, 'iMIEV', '2017-12-09 15:54:22', '2017-12-09 15:54:22'),
(493, 28, 'Lancer', '2017-12-09 15:54:22', '2017-12-09 15:54:22'),
(494, 28, 'Mirage', '2017-12-09 15:54:22', '2017-12-09 15:54:22'),
(495, 28, 'Mirage G4', '2017-12-09 15:54:22', '2017-12-09 15:54:22'),
(496, 28, 'Outlander', '2017-12-09 15:54:23', '2017-12-09 15:54:23'),
(497, 28, 'Outlander Sport', '2017-12-09 15:54:23', '2017-12-09 15:54:23'),
(498, 27, 'Cooper', '2017-12-09 15:56:18', '2017-12-09 15:56:18'),
(499, 27, 'Cooper Clubman', '2017-12-09 15:56:18', '2017-12-09 16:05:23'),
(500, 27, 'Cooper Countryman', '2017-12-09 15:56:18', '2017-12-09 15:56:18'),
(501, 27, 'Cooper Coupe', '2017-12-09 15:56:18', '2017-12-09 16:05:19'),
(502, 27, 'Cooper Hardtop', '2017-12-09 15:56:18', '2017-12-09 15:56:18'),
(503, 27, 'Cooper Paceman', '2017-12-09 15:56:18', '2017-12-09 15:56:18'),
(504, 27, 'Cooper Roadster', '2017-12-09 15:56:18', '2017-12-09 15:56:18'),
(505, 26, 'Grand Marquis', '2017-12-09 15:57:32', '2017-12-09 15:57:32'),
(506, 26, 'Mariner', '2017-12-09 15:57:32', '2017-12-09 15:57:32'),
(507, 26, 'Milan', '2017-12-09 15:57:32', '2017-12-09 15:57:32'),
(508, 26, 'Milan Hybrid', '2017-12-09 15:57:33', '2017-12-09 15:57:33'),
(509, 26, 'Mountaineer', '2017-12-09 15:57:33', '2017-12-09 15:57:33'),
(510, 26, 'Sable', '2017-12-09 15:57:33', '2017-12-09 15:57:33'),
(511, 25, 'B-Class', '2017-12-09 16:06:54', '2017-12-09 16:06:54'),
(512, 25, 'C230', '2017-12-09 16:06:54', '2017-12-09 16:06:54'),
(513, 25, 'C250', '2017-12-09 16:06:54', '2017-12-09 16:06:54'),
(514, 25, 'C280', '2017-12-09 16:06:54', '2017-12-09 16:06:54'),
(515, 25, 'C300', '2017-12-09 16:06:54', '2017-12-09 16:06:54'),
(516, 25, 'C350C400', '2017-12-09 16:06:54', '2017-12-09 16:06:54'),
(517, 25, 'C450 AMG', '2017-12-09 16:06:54', '2017-12-09 16:06:54'),
(518, 25, 'C63 AMG', '2017-12-09 16:06:54', '2017-12-09 16:06:54'),
(519, 25, 'CL550', '2017-12-09 16:06:54', '2017-12-09 16:06:54'),
(520, 25, 'CL63 AMG', '2017-12-09 16:06:54', '2017-12-09 16:06:54'),
(521, 25, 'CLA250', '2017-12-09 16:06:54', '2017-12-09 16:06:54'),
(522, 25, 'CLA45 AMG', '2017-12-09 16:06:54', '2017-12-09 16:06:54'),
(523, 25, 'CLK350', '2017-12-09 16:06:54', '2017-12-09 16:06:54'),
(524, 25, 'CLS400', '2017-12-09 16:06:54', '2017-12-09 16:06:54'),
(525, 25, 'CLS550CLS63 AMG', '2017-12-09 16:06:54', '2017-12-09 16:06:54'),
(526, 25, 'E250', '2017-12-09 16:06:54', '2017-12-09 16:06:54'),
(527, 25, 'E300', '2017-12-09 16:06:54', '2017-12-09 16:06:54'),
(528, 25, 'E350', '2017-12-09 16:06:54', '2017-12-09 16:06:54'),
(529, 25, 'E400', '2017-12-09 16:06:54', '2017-12-09 16:06:54'),
(530, 25, 'E550', '2017-12-09 16:06:54', '2017-12-09 16:06:54'),
(531, 25, 'E63 AMG', '2017-12-09 16:06:54', '2017-12-09 16:06:54'),
(532, 25, 'GL350', '2017-12-09 16:06:55', '2017-12-09 16:06:55'),
(533, 25, 'GL450', '2017-12-09 16:06:55', '2017-12-09 16:06:55'),
(534, 25, 'GL550', '2017-12-09 16:06:55', '2017-12-09 16:06:55'),
(535, 25, 'GL63 AMG', '2017-12-09 16:06:55', '2017-12-09 16:06:55'),
(536, 25, 'GLA250', '2017-12-09 16:06:55', '2017-12-09 16:06:55'),
(537, 25, 'GLA45 AMG', '2017-12-09 16:06:55', '2017-12-09 16:06:55'),
(538, 25, 'GLC300', '2017-12-09 16:06:55', '2017-12-09 16:06:55'),
(539, 25, 'GLE350', '2017-12-09 16:06:55', '2017-12-09 16:06:55'),
(540, 25, 'GLE450 AMG', '2017-12-09 16:06:55', '2017-12-09 16:06:55'),
(541, 25, 'GLK250', '2017-12-09 16:06:55', '2017-12-09 16:06:55'),
(542, 25, 'GLK350', '2017-12-09 16:06:55', '2017-12-09 16:06:55'),
(543, 25, 'Metris', '2017-12-09 16:06:55', '2017-12-09 16:06:55'),
(544, 25, 'ML250', '2017-12-09 16:06:55', '2017-12-09 16:06:55'),
(545, 25, 'ML350', '2017-12-09 16:06:55', '2017-12-09 16:06:55'),
(546, 25, 'ML400', '2017-12-09 16:06:55', '2017-12-09 16:06:55'),
(547, 25, 'ML550', '2017-12-09 16:06:55', '2017-12-09 16:06:55'),
(548, 25, 'R350', '2017-12-09 16:06:55', '2017-12-09 16:06:55'),
(549, 25, 'S400 Hybrid', '2017-12-09 16:06:55', '2017-12-09 16:06:55'),
(550, 25, 'S550', '2017-12-09 16:06:55', '2017-12-09 16:06:55'),
(551, 25, 'S600', '2017-12-09 16:06:55', '2017-12-09 16:06:55'),
(552, 25, 'S63 AMG', '2017-12-09 16:06:55', '2017-12-09 16:06:55'),
(553, 25, 'S65 AMG', '2017-12-09 16:06:55', '2017-12-09 16:06:55'),
(554, 25, 'SL 400', '2017-12-09 16:06:55', '2017-12-09 16:06:55'),
(555, 25, 'SL550', '2017-12-09 16:06:56', '2017-12-09 16:06:56'),
(556, 25, 'SL63 AMG', '2017-12-09 16:06:56', '2017-12-09 16:06:56'),
(557, 25, 'SLC300', '2017-12-09 16:06:56', '2017-12-09 16:06:56'),
(558, 25, 'SLC43 AMG', '2017-12-09 16:06:56', '2017-12-09 16:06:56'),
(559, 25, 'SLK250', '2017-12-09 16:06:56', '2017-12-09 16:06:56'),
(560, 25, 'SLk280', '2017-12-09 16:06:56', '2017-12-09 16:06:56'),
(561, 25, 'SLK300', '2017-12-09 16:06:56', '2017-12-09 16:06:56'),
(562, 25, 'SLK350', '2017-12-09 16:06:56', '2017-12-09 16:06:56'),
(563, 25, 'SLK55 AMG', '2017-12-09 16:06:56', '2017-12-09 16:06:56'),
(564, 25, 'Sprinter 2500', '2017-12-09 16:06:56', '2017-12-09 16:06:56'),
(565, 32, 'Ram 1500', '2017-12-09 16:09:31', '2017-12-09 16:09:31'),
(566, 32, 'Ram 2500', '2017-12-09 16:09:31', '2017-12-09 16:09:31'),
(567, 32, 'Ram 3500', '2017-12-09 16:09:31', '2017-12-09 16:09:31'),
(568, 32, 'Ram ProMaster Cargo Van', '2017-12-09 16:09:31', '2017-12-09 16:09:31'),
(569, 32, 'Ram ProMaster City Cargo Van', '2017-12-09 16:09:31', '2017-12-09 16:09:31'),
(570, 32, 'Promaster City Wagon', '2017-12-09 16:09:31', '2017-12-09 16:09:31'),
(571, 32, 'Promaster Window Van', '2017-12-09 16:09:31', '2017-12-09 16:09:31'),
(572, 35, 'Fortwo', '2017-12-09 16:12:52', '2017-12-09 16:12:52'),
(573, 35, 'Fortwo Electric Drive', '2017-12-09 16:12:53', '2017-12-09 16:12:53');

-- --------------------------------------------------------

--
-- Table structure for table `saved`
--

CREATE TABLE `saved` (
  `id` int(10) UNSIGNED NOT NULL,
  `ad` int(10) UNSIGNED NOT NULL,
  `user` int(10) UNSIGNED NOT NULL,
  `created_at` datetime DEFAULT CURRENT_TIMESTAMP,
  `updated_at` datetime DEFAULT CURRENT_TIMESTAMP ON UPDATE CURRENT_TIMESTAMP
) ENGINE=InnoDB DEFAULT CHARSET=latin1;

--
-- Dumping data for table `saved`
--

INSERT INTO `saved` (`id`, `ad`, `user`, `created_at`, `updated_at`) VALUES
(1, 1, 2, '2018-03-15 21:19:45', '2018-03-15 21:19:45'),
(2, 3, 2, '2018-03-16 00:13:44', '2018-03-16 00:13:44'),
(3, 2, 2, '2018-03-16 09:24:39', '2018-03-16 09:24:39'),
(4, 4, 2, '2018-03-16 20:31:31', '2018-03-16 20:31:31');

-- --------------------------------------------------------

--
-- Table structure for table `schedule`
--

CREATE TABLE `schedule` (
  `id` int(10) UNSIGNED NOT NULL,
  `shop` int(10) UNSIGNED NOT NULL,
  `first_name` varchar(255) NOT NULL,
  `last_name` varchar(255) NOT NULL,
  `email` varchar(255) NOT NULL,
  `phone` varchar(20) NOT NULL,
  `check_cars` tinyint(4) DEFAULT '0',
  `learn_finance` tinyint(4) DEFAULT '0',
  `appointment` datetime NOT NULL,
  `created_at` datetime DEFAULT CURRENT_TIMESTAMP,
  `updated_at` datetime DEFAULT CURRENT_TIMESTAMP ON UPDATE CURRENT_TIMESTAMP
) ENGINE=InnoDB DEFAULT CHARSET=latin1;

--
-- Dumping data for table `schedule`
--

INSERT INTO `schedule` (`id`, `shop`, `first_name`, `last_name`, `email`, `phone`, `check_cars`, `learn_finance`, `appointment`, `created_at`, `updated_at`) VALUES
(1, 1, 'Arinze', 'Aguolu', 'drakensage2k@gmail.com', '08119339239', 0, 1, '2018-03-24 11:00:00', '2018-03-15 00:23:17', '2018-03-15 19:39:40');

-- --------------------------------------------------------

--
-- Table structure for table `shop`
--

CREATE TABLE `shop` (
  `id` int(10) UNSIGNED NOT NULL,
  `shop` varchar(200) NOT NULL,
  `address` varchar(1000) NOT NULL,
  `phone` varchar(30) NOT NULL,
  `sh_hours` varchar(200) NOT NULL,
  `sc_hours` varchar(200) NOT NULL,
  `created_at` datetime DEFAULT CURRENT_TIMESTAMP,
  `updated_at` datetime DEFAULT CURRENT_TIMESTAMP ON UPDATE CURRENT_TIMESTAMP
) ENGINE=InnoDB DEFAULT CHARSET=latin1;

--
-- Dumping data for table `shop`
--

INSERT INTO `shop` (`id`, `shop`, `address`, `phone`, `sh_hours`, `sc_hours`, `created_at`, `updated_at`) VALUES
(1, 'First Store', '1000 South Flower Street\r\nBurbank, CA 91502', '+234 818 937 0605', 'Mon-Fri 10-9Sat 9-9Sun 11-7', 'Mon-Fri 7:30-6', '2017-12-08 02:34:38', '2017-12-08 02:35:05'),
(3, 'Second Store', '1000 South Flower Street\r\nBurbank, CA 91502', '+234 818 937 0605', 'Mon-Fri 10:00 AM - 9:00 PM Sat 9:00 AM - 9:00 PM Sun 11:00 AM - 7:00 PM', 'Mon-Fri 7:30 AM - 6:00 PM', '2017-12-08 21:57:04', '2017-12-12 15:45:48'),
(4, 'Third Store', '1000 South Flower Street\r\nBurbank, CA 91502', '+234 818 937 0605', 'Mon-Fri 10:00 AM - 9:00 PM Sat 9:00 AM - 9:00 PM Sun 11:00 AM - 7:00 PM', 'Mon-Fri 7:30 AM - 6:00 PM', '2017-12-08 21:57:17', '2017-12-12 15:45:59');

-- --------------------------------------------------------

--
-- Table structure for table `size`
--

CREATE TABLE `size` (
  `id` int(10) UNSIGNED NOT NULL,
  `size` varchar(200) NOT NULL,
  `created_at` datetime DEFAULT CURRENT_TIMESTAMP,
  `updated_at` datetime DEFAULT CURRENT_TIMESTAMP ON UPDATE CURRENT_TIMESTAMP
) ENGINE=InnoDB DEFAULT CHARSET=latin1;

--
-- Dumping data for table `size`
--

INSERT INTO `size` (`id`, `size`, `created_at`, `updated_at`) VALUES
(1, 'Compact', '2017-12-09 02:14:47', '2017-12-09 02:14:47'),
(2, 'Full-size', '2017-12-09 02:14:55', '2017-12-09 02:14:55'),
(3, 'Mid-size', '2017-12-09 02:15:04', '2017-12-09 02:15:04');

-- --------------------------------------------------------

--
-- Table structure for table `state`
--

CREATE TABLE `state` (
  `id` int(10) UNSIGNED NOT NULL,
  `country` int(10) UNSIGNED NOT NULL,
  `state` varchar(255) NOT NULL,
  `created_at` datetime DEFAULT CURRENT_TIMESTAMP,
  `updated_at` datetime DEFAULT CURRENT_TIMESTAMP ON UPDATE CURRENT_TIMESTAMP
) ENGINE=InnoDB DEFAULT CHARSET=latin1;

-- --------------------------------------------------------

--
-- Table structure for table `transmission`
--

CREATE TABLE `transmission` (
  `id` int(10) UNSIGNED NOT NULL,
  `transmission` varchar(255) NOT NULL,
  `created_at` datetime DEFAULT CURRENT_TIMESTAMP,
  `updated_at` datetime DEFAULT CURRENT_TIMESTAMP ON UPDATE CURRENT_TIMESTAMP
) ENGINE=InnoDB DEFAULT CHARSET=latin1;

--
-- Dumping data for table `transmission`
--

INSERT INTO `transmission` (`id`, `transmission`, `created_at`, `updated_at`) VALUES
(2, 'Automatic', '2017-12-09 02:15:39', '2017-12-09 02:15:39'),
(3, 'Manual', '2017-12-09 02:15:45', '2017-12-09 02:15:45');

-- --------------------------------------------------------

--
-- Table structure for table `type`
--

CREATE TABLE `type` (
  `id` int(10) UNSIGNED NOT NULL,
  `type` varchar(255) NOT NULL,
  `img` varchar(500) NOT NULL,
  `created_at` datetime DEFAULT CURRENT_TIMESTAMP,
  `updated_at` datetime DEFAULT CURRENT_TIMESTAMP ON UPDATE CURRENT_TIMESTAMP
) ENGINE=InnoDB DEFAULT CHARSET=latin1;

--
-- Dumping data for table `type`
--

INSERT INTO `type` (`id`, `type`, `img`, `created_at`, `updated_at`) VALUES
(1, 'Convertibles', 'public/upload/pictures/types/convertibles.png', '2017-12-08 23:39:17', '2017-12-08 23:39:17'),
(2, 'Coupes', 'public/upload/pictures/types/coupes.png', '2017-12-08 23:39:17', '2017-12-08 23:39:17'),
(3, 'Crossovers', 'public/upload/pictures/types/crossovers.png', '2017-12-08 23:39:17', '2017-12-08 23:39:17'),
(4, 'Diesel Engines', 'public/upload/pictures/types/diesel.png', '2017-12-08 23:39:17', '2017-12-08 23:39:17'),
(5, 'Electric Vehicles', 'public/upload/pictures/types/electric.png', '2017-12-08 23:39:17', '2017-12-08 23:39:17'),
(6, 'Hybrids', 'public/upload/pictures/types/hybrids.png', '2017-12-08 23:39:17', '2017-12-08 23:39:17'),
(7, 'Luxury Vehicles', 'public/upload/pictures/types/luxury.png', '2017-12-08 23:39:17', '2017-12-08 23:39:17'),
(8, 'Minivans and Vans', 'public/upload/pictures/types/minivan.png', '2017-12-08 23:39:17', '2017-12-08 23:39:17'),
(9, 'Pickup Trucks', 'public/upload/pictures/types/pickups.png', '2017-12-08 23:39:17', '2017-12-08 23:39:17'),
(10, 'Sedans', 'public/upload/pictures/types/sedans.png', '2017-12-08 23:39:17', '2017-12-08 23:39:17'),
(11, 'Sport Utilities', 'public/upload/pictures/types/sportu.png', '2017-12-08 23:39:17', '2017-12-08 23:39:17'),
(12, 'Sport Cars', 'public/upload/pictures/types/sportc.png', '2017-12-08 23:39:17', '2017-12-08 23:39:17'),
(13, 'Wagons', 'public/upload/pictures/types/wagons.png', '2017-12-08 23:39:19', '2017-12-08 23:39:19');

-- --------------------------------------------------------

--
-- Table structure for table `user`
--

CREATE TABLE `user` (
  `id` int(10) UNSIGNED NOT NULL,
  `username` varchar(255) NOT NULL,
  `email` varchar(255) NOT NULL,
  `phone` varchar(20) NOT NULL,
  `password` varchar(500) NOT NULL,
  `lon` varchar(200) NOT NULL,
  `lat` varchar(200) NOT NULL,
  `created_at` datetime NOT NULL DEFAULT CURRENT_TIMESTAMP,
  `updated_at` datetime DEFAULT CURRENT_TIMESTAMP ON UPDATE CURRENT_TIMESTAMP
) ENGINE=InnoDB DEFAULT CHARSET=latin1;

--
-- Dumping data for table `user`
--

INSERT INTO `user` (`id`, `username`, `email`, `phone`, `password`, `lon`, `lat`, `created_at`, `updated_at`) VALUES
(2, 'drakensage', 'drakensage2k@gmail.com', '+234 818 937 0605', '01e749040ec1f0e03de3cd793b48d71b2a41ca99c8321b66040f85e1b8f42096', '7.398574', '9.0764785', '2017-12-06 15:06:43', '2018-04-02 13:00:25');

--
-- Indexes for dumped tables
--

--
-- Indexes for table `ad`
--
ALTER TABLE `ad`
  ADD PRIMARY KEY (`id`),
  ADD KEY `ads_make` (`make`),
  ADD KEY `ads_model` (`model`),
  ADD KEY `ads_type` (`type`),
  ADD KEY `ad_exterior_color` (`exterior_color`),
  ADD KEY `ad_` (`interior_color`),
  ADD KEY `ad_transmission` (`transmission`),
  ADD KEY `ad_cylinders` (`cylinders`),
  ADD KEY `ad_size` (`size`),
  ADD KEY `ad_shop` (`shop`);

--
-- Indexes for table `admin`
--
ALTER TABLE `admin`
  ADD PRIMARY KEY (`id`);

--
-- Indexes for table `ad_favourite`
--
ALTER TABLE `ad_favourite`
  ADD PRIMARY KEY (`id`),
  ADD KEY `ad_favourite_ad` (`ad`),
  ADD KEY `ad_favourite_user` (`user`);

--
-- Indexes for table `ad_feature`
--
ALTER TABLE `ad_feature`
  ADD PRIMARY KEY (`id`),
  ADD KEY `ad_feature_make` (`make`),
  ADD KEY `ad_feature_model` (`model`);

--
-- Indexes for table `ad_image`
--
ALTER TABLE `ad_image`
  ADD PRIMARY KEY (`id`),
  ADD KEY `ad_image_ad` (`ad`);

--
-- Indexes for table `ad_specification`
--
ALTER TABLE `ad_specification`
  ADD PRIMARY KEY (`ad`);

--
-- Indexes for table `city`
--
ALTER TABLE `city`
  ADD PRIMARY KEY (`id`),
  ADD KEY `city_state` (`state`);

--
-- Indexes for table `color`
--
ALTER TABLE `color`
  ADD PRIMARY KEY (`id`);

--
-- Indexes for table `country`
--
ALTER TABLE `country`
  ADD PRIMARY KEY (`id`);

--
-- Indexes for table `cylinders`
--
ALTER TABLE `cylinders`
  ADD PRIMARY KEY (`id`);

--
-- Indexes for table `feature`
--
ALTER TABLE `feature`
  ADD PRIMARY KEY (`id`);

--
-- Indexes for table `make`
--
ALTER TABLE `make`
  ADD PRIMARY KEY (`id`),
  ADD UNIQUE KEY `make` (`make`);

--
-- Indexes for table `model`
--
ALTER TABLE `model`
  ADD PRIMARY KEY (`id`),
  ADD KEY `model_make` (`make`);

--
-- Indexes for table `saved`
--
ALTER TABLE `saved`
  ADD PRIMARY KEY (`id`),
  ADD KEY `saved_ad` (`ad`),
  ADD KEY `saved_user` (`user`);

--
-- Indexes for table `schedule`
--
ALTER TABLE `schedule`
  ADD PRIMARY KEY (`id`);

--
-- Indexes for table `shop`
--
ALTER TABLE `shop`
  ADD PRIMARY KEY (`id`);

--
-- Indexes for table `size`
--
ALTER TABLE `size`
  ADD PRIMARY KEY (`id`);

--
-- Indexes for table `state`
--
ALTER TABLE `state`
  ADD PRIMARY KEY (`id`),
  ADD KEY `state_country` (`country`);

--
-- Indexes for table `transmission`
--
ALTER TABLE `transmission`
  ADD PRIMARY KEY (`id`);

--
-- Indexes for table `type`
--
ALTER TABLE `type`
  ADD PRIMARY KEY (`id`);

--
-- Indexes for table `user`
--
ALTER TABLE `user`
  ADD PRIMARY KEY (`id`),
  ADD UNIQUE KEY `username` (`username`),
  ADD UNIQUE KEY `email` (`email`);

--
-- AUTO_INCREMENT for dumped tables
--

--
-- AUTO_INCREMENT for table `ad`
--
ALTER TABLE `ad`
  MODIFY `id` int(10) UNSIGNED NOT NULL AUTO_INCREMENT, AUTO_INCREMENT=6;
--
-- AUTO_INCREMENT for table `admin`
--
ALTER TABLE `admin`
  MODIFY `id` int(10) UNSIGNED NOT NULL AUTO_INCREMENT, AUTO_INCREMENT=4;
--
-- AUTO_INCREMENT for table `ad_favourite`
--
ALTER TABLE `ad_favourite`
  MODIFY `id` int(10) UNSIGNED NOT NULL AUTO_INCREMENT;
--
-- AUTO_INCREMENT for table `ad_feature`
--
ALTER TABLE `ad_feature`
  MODIFY `id` int(10) UNSIGNED NOT NULL AUTO_INCREMENT, AUTO_INCREMENT=75;
--
-- AUTO_INCREMENT for table `ad_image`
--
ALTER TABLE `ad_image`
  MODIFY `id` int(10) UNSIGNED NOT NULL AUTO_INCREMENT, AUTO_INCREMENT=36;
--
-- AUTO_INCREMENT for table `city`
--
ALTER TABLE `city`
  MODIFY `id` int(10) UNSIGNED NOT NULL AUTO_INCREMENT;
--
-- AUTO_INCREMENT for table `color`
--
ALTER TABLE `color`
  MODIFY `id` int(10) UNSIGNED NOT NULL AUTO_INCREMENT, AUTO_INCREMENT=12;
--
-- AUTO_INCREMENT for table `country`
--
ALTER TABLE `country`
  MODIFY `id` int(10) UNSIGNED NOT NULL AUTO_INCREMENT;
--
-- AUTO_INCREMENT for table `cylinders`
--
ALTER TABLE `cylinders`
  MODIFY `id` int(10) UNSIGNED NOT NULL AUTO_INCREMENT, AUTO_INCREMENT=4;
--
-- AUTO_INCREMENT for table `feature`
--
ALTER TABLE `feature`
  MODIFY `id` int(10) UNSIGNED NOT NULL AUTO_INCREMENT, AUTO_INCREMENT=89;
--
-- AUTO_INCREMENT for table `make`
--
ALTER TABLE `make`
  MODIFY `id` int(10) UNSIGNED NOT NULL AUTO_INCREMENT, AUTO_INCREMENT=40;
--
-- AUTO_INCREMENT for table `model`
--
ALTER TABLE `model`
  MODIFY `id` int(10) UNSIGNED NOT NULL AUTO_INCREMENT, AUTO_INCREMENT=574;
--
-- AUTO_INCREMENT for table `saved`
--
ALTER TABLE `saved`
  MODIFY `id` int(10) UNSIGNED NOT NULL AUTO_INCREMENT, AUTO_INCREMENT=5;
--
-- AUTO_INCREMENT for table `schedule`
--
ALTER TABLE `schedule`
  MODIFY `id` int(10) UNSIGNED NOT NULL AUTO_INCREMENT, AUTO_INCREMENT=2;
--
-- AUTO_INCREMENT for table `shop`
--
ALTER TABLE `shop`
  MODIFY `id` int(10) UNSIGNED NOT NULL AUTO_INCREMENT, AUTO_INCREMENT=5;
--
-- AUTO_INCREMENT for table `size`
--
ALTER TABLE `size`
  MODIFY `id` int(10) UNSIGNED NOT NULL AUTO_INCREMENT, AUTO_INCREMENT=4;
--
-- AUTO_INCREMENT for table `state`
--
ALTER TABLE `state`
  MODIFY `id` int(10) UNSIGNED NOT NULL AUTO_INCREMENT;
--
-- AUTO_INCREMENT for table `transmission`
--
ALTER TABLE `transmission`
  MODIFY `id` int(10) UNSIGNED NOT NULL AUTO_INCREMENT, AUTO_INCREMENT=4;
--
-- AUTO_INCREMENT for table `type`
--
ALTER TABLE `type`
  MODIFY `id` int(10) UNSIGNED NOT NULL AUTO_INCREMENT, AUTO_INCREMENT=14;
--
-- AUTO_INCREMENT for table `user`
--
ALTER TABLE `user`
  MODIFY `id` int(10) UNSIGNED NOT NULL AUTO_INCREMENT, AUTO_INCREMENT=3;
--
-- Constraints for dumped tables
--

--
-- Constraints for table `ad`
--
ALTER TABLE `ad`
  ADD CONSTRAINT `ad_cylinders` FOREIGN KEY (`cylinders`) REFERENCES `cylinders` (`id`) ON DELETE NO ACTION ON UPDATE NO ACTION,
  ADD CONSTRAINT `ad_exterior_color` FOREIGN KEY (`exterior_color`) REFERENCES `color` (`id`) ON DELETE NO ACTION ON UPDATE NO ACTION,
  ADD CONSTRAINT `ad_interior_color` FOREIGN KEY (`interior_color`) REFERENCES `color` (`id`) ON DELETE NO ACTION ON UPDATE NO ACTION,
  ADD CONSTRAINT `ad_shop` FOREIGN KEY (`shop`) REFERENCES `shop` (`id`) ON DELETE NO ACTION ON UPDATE NO ACTION,
  ADD CONSTRAINT `ad_size` FOREIGN KEY (`size`) REFERENCES `size` (`id`) ON DELETE NO ACTION ON UPDATE NO ACTION,
  ADD CONSTRAINT `ad_transmission` FOREIGN KEY (`transmission`) REFERENCES `transmission` (`id`) ON DELETE NO ACTION ON UPDATE NO ACTION,
  ADD CONSTRAINT `ads_make` FOREIGN KEY (`make`) REFERENCES `make` (`id`) ON DELETE CASCADE,
  ADD CONSTRAINT `ads_model` FOREIGN KEY (`model`) REFERENCES `model` (`id`) ON DELETE CASCADE,
  ADD CONSTRAINT `ads_type` FOREIGN KEY (`type`) REFERENCES `type` (`id`) ON DELETE CASCADE;

--
-- Constraints for table `ad_favourite`
--
ALTER TABLE `ad_favourite`
  ADD CONSTRAINT `ad_favourite_ad` FOREIGN KEY (`ad`) REFERENCES `ad` (`id`) ON DELETE CASCADE,
  ADD CONSTRAINT `ad_favourite_user` FOREIGN KEY (`user`) REFERENCES `user` (`id`) ON DELETE CASCADE;

--
-- Constraints for table `ad_feature`
--
ALTER TABLE `ad_feature`
  ADD CONSTRAINT `ad_feature_make` FOREIGN KEY (`make`) REFERENCES `make` (`id`) ON DELETE CASCADE ON UPDATE NO ACTION,
  ADD CONSTRAINT `ad_feature_model` FOREIGN KEY (`model`) REFERENCES `model` (`id`) ON DELETE CASCADE ON UPDATE NO ACTION;

--
-- Constraints for table `ad_image`
--
ALTER TABLE `ad_image`
  ADD CONSTRAINT `ad_image_ad` FOREIGN KEY (`ad`) REFERENCES `ad` (`id`) ON DELETE CASCADE;

--
-- Constraints for table `ad_specification`
--
ALTER TABLE `ad_specification`
  ADD CONSTRAINT `ad_specification_ad` FOREIGN KEY (`ad`) REFERENCES `ad` (`id`) ON DELETE CASCADE ON UPDATE NO ACTION;

--
-- Constraints for table `city`
--
ALTER TABLE `city`
  ADD CONSTRAINT `city_state` FOREIGN KEY (`state`) REFERENCES `state` (`id`) ON DELETE CASCADE ON UPDATE NO ACTION;

--
-- Constraints for table `model`
--
ALTER TABLE `model`
  ADD CONSTRAINT `model_make` FOREIGN KEY (`make`) REFERENCES `make` (`id`) ON DELETE CASCADE;

--
-- Constraints for table `saved`
--
ALTER TABLE `saved`
  ADD CONSTRAINT `saved_ad` FOREIGN KEY (`ad`) REFERENCES `ad` (`id`) ON DELETE CASCADE,
  ADD CONSTRAINT `saved_user` FOREIGN KEY (`user`) REFERENCES `user` (`id`) ON DELETE CASCADE;

--
-- Constraints for table `state`
--
ALTER TABLE `state`
  ADD CONSTRAINT `state_country` FOREIGN KEY (`country`) REFERENCES `country` (`id`) ON DELETE CASCADE ON UPDATE NO ACTION;

/*!40101 SET CHARACTER_SET_CLIENT=@OLD_CHARACTER_SET_CLIENT */;
/*!40101 SET CHARACTER_SET_RESULTS=@OLD_CHARACTER_SET_RESULTS */;
/*!40101 SET COLLATION_CONNECTION=@OLD_COLLATION_CONNECTION */;
